21:41:18:005,0.231054,0.0118756,0.684616,0.231087,0.0117016,0.689478
21:41:18:105,0.231002,0.0117952,0.686628,0.231135,0.0118272,0.691671
21:41:18:205,0.231077,0.0117782,0.688588,0.231159,0.0120708,0.69347
21:41:18:306,0.231171,0.0117858,0.690502,0.231268,0.0121098,0.695146
21:41:18:406,0.231152,0.0117821,0.692393,0.231247,0.0121998,0.696532
21:41:18:506,0.231183,0.0117864,0.694109,0.231158,0.0120949,0.697649
21:41:18:606,0.231238,0.0117892,0.695618,0.230932,0.0119499,0.699305
21:41:18:706,0.231164,0.0117854,0.697121,0.230587,0.0120053,0.701114
21:41:18:807,0.230941,0.0117741,0.698687,0.230166,0.0117905,0.702516
21:41:18:907,0.230596,0.0117537,0.700254,0.230036,0.0112091,0.704507
21:41:19:007,0.230297,0.0117288,0.701947,0.229773,0.0107702,0.706235
21:41:19:108,0.230064,0.0115207,0.703659,0.229249,0.0103873,0.708333
21:41:19:208,0.229838,0.0111352,0.70546,0.228411,0.0102113,0.711035
21:41:19:308,0.229389,0.0107746,0.707558,0.227935,0.0100796,0.712869
21:41:19:408,0.228836,0.0105713,0.709691,0.22725,0.0100012,0.714898
21:41:19:509,0.228201,0.0104022,0.711782,0.226765,0.0100821,0.716795
21:41:19:609,0.227583,0.0103057,0.713807,0.226549,0.0101933,0.718754
21:41:19:709,0.227108,0.0102679,0.715746,0.226284,0.0104744,0.720532
21:41:19:809,0.226717,0.0102474,0.717705,0.225919,0.0108239,0.722439
21:41:19:910,0.22643,0.0102345,0.719606,0.225805,0.0109507,0.72495
21:41:20:010,0.226236,0.0102284,0.721668,0.22607,0.0112865,0.7283
21:41:20:110,0.226096,0.0102642,0.724181,0.22649,0.0122002,0.732014
21:41:20:210,0.226221,0.0106244,0.727089,0.226924,0.0131674,0.734711
21:41:20:310,0.226363,0.0112293,0.730205,0.227305,0.0143355,0.737401
21:41:20:411,0.226717,0.0121826,0.733118,0.227355,0.0149796,0.739799
21:41:20:511,0.227052,0.0131587,0.735786,0.227006,0.0156981,0.742682
21:41:20:612,0.22707,0.014061,0.738554,0.226773,0.016246,0.744695
21:41:20:711,0.227032,0.0148919,0.741045,0.226562,0.0167921,0.746375
21:41:20:812,0.226769,0.0156826,0.743531,0.226158,0.0174047,0.74813
21:41:20:912,0.226574,0.0163132,0.745467,0.225641,0.0179421,0.750195
21:41:21:012,0.226317,0.0169533,0.747284,0.225055,0.0183455,0.751607
21:41:21:112,0.225822,0.0174632,0.74906,0.224464,0.0183733,0.752356
21:41:21:212,0.225271,0.0178403,0.750516,0.223695,0.0182628,0.753321
21:41:21:313,0.224708,0.0180803,0.751714,0.222964,0.0182683,0.754361
21:41:21:413,0.224191,0.0182158,0.752741,0.222113,0.0183378,0.755637
21:41:21:513,0.223664,0.0182621,0.753807,0.221473,0.0184004,0.75662
21:41:21:613,0.223106,0.0182838,0.754801,0.221017,0.0185628,0.7577
21:41:21:714,0.222429,0.0183437,0.755909,0.220618,0.0189651,0.759121
21:41:21:814,0.221809,0.018508,0.757064,0.220238,0.0194227,0.76037
21:41:21:914,0.221113,0.0188529,0.758385,0.219891,0.0198259,0.761568
21:41:22:014,0.220399,0.0192617,0.759726,0.219701,0.0201251,0.76235
21:41:22:114,0.21985,0.0195802,0.760926,0.219564,0.0202467,0.762567
21:41:22:214,0.219521,0.0198705,0.761772,0.219338,0.019811,0.76196
21:41:22:315,0.219376,0.0200163,0.76209,0.219033,0.0190759,0.761032
21:41:22:415,0.219251,0.0200288,0.762152,0.218701,0.017999,0.759633
21:41:22:515,0.218981,0.0197871,0.761816,0.21844,0.0169061,0.757902
21:41:22:615,0.218849,0.0190972,0.760698,0.218404,0.0153022,0.75486
21:41:22:716,0.218632,0.0180002,0.758908,0.218447,0.0136262,0.751493
21:41:22:816,0.218503,0.0165615,0.756424,0.218602,0.0116223,0.74768
21:41:22:916,0.218462,0.014853,0.753287,0.218651,0.0103339,0.744545
21:41:23:016,0.218515,0.0131435,0.749969,0.218864,0.00901125,0.741188
21:41:23:117,0.218623,0.0115625,0.746587,0.219057,0.00810553,0.738571
21:41:23:217,0.218746,0.0101945,0.743436,0.219156,0.00727544,0.736349
21:41:23:317,0.218949,0.00901438,0.740501,0.219073,0.00651797,0.734377
21:41:23:417,0.218945,0.0079854,0.738095,0.218969,0.00599613,0.733058
21:41:23:517,0.218945,0.00717366,0.736015,0.218976,0.00540353,0.731573
21:41:23:618,0.218877,0.00642048,0.73424,0.219095,0.00497562,0.729777
21:41:23:718,0.218984,0.00583006,0.732433,0.219406,0.00456563,0.727944
21:41:23:818,0.219151,0.00529839,0.730619,0.219883,0.00409919,0.72598
21:41:23:918,0.219323,0.00486205,0.728802,0.22021,0.00374544,0.723818
21:41:24:019,0.219623,0.00438551,0.726904,0.220542,0.00337937,0.722103
21:41:24:119,0.22003,0.00397817,0.724948,0.22089,0.00313238,0.720142
21:41:24:219,0.220393,0.00365846,0.723032,0.221333,0.00284192,0.717288
21:41:24:319,0.220772,0.00329556,0.720757,0.221585,0.00259981,0.715196
21:41:24:419,0.221055,0.00295268,0.718538,0.221689,0.0022332,0.713435
21:41:24:520,0.221346,0.00268462,0.716483,0.221587,0.00191025,0.711707
21:41:24:620,0.221537,0.00242805,0.714504,0.221464,0.00169906,0.710252
21:41:24:720,0.221512,0.00209856,0.71272,0.221271,0.00130399,0.708436
21:41:24:820,0.221433,0.00173954,0.710998,0.221182,0.00108336,0.707054
21:41:24:923,0.221403,0.00147263,0.709336,0.221155,0.000976492,0.705321
21:41:25:021,0.221286,0.00130212,0.707743,0.221263,0.000865967,0.703289
21:41:25:121,0.221231,0.00113476,0.70603,0.221338,0.000960331,0.701295
21:41:25:221,0.221318,0.00105563,0.704141,0.220784,0.00125211,0.699433
21:41:25:321,0.221138,0.0010349,0.70225,0.220287,0.00110148,0.697918
21:41:25:422,0.220792,0.00102931,0.700249,0.219811,0.000763742,0.6962
21:41:25:522,0.22041,0.000950927,0.698559,0.219642,0.000521587,0.694657
21:41:25:622,0.220024,0.000759408,0.697068,0.219651,0.000500207,0.692937
21:41:25:722,0.219897,0.000594261,0.695422,0.21982,0.00039321,0.690652
21:41:25:823,0.219735,0.000491121,0.693663,0.220075,0.000338215,0.6888
21:41:25:923,0.219752,0.000414785,0.691804,0.22055,0.000620568,0.687225
21:41:26:023,0.220091,0.000403557,0.68982,0.221217,0.00103817,0.685418
21:41:26:123,0.220515,0.000404334,0.688012,0.221854,0.00115215,0.6831
21:41:26:224,0.221018,0.000405255,0.68612,0.222384,0.00108629,0.680106
21:41:26:324,0.221541,0.000410197,0.683842,0.222439,0.00111724,0.678067
21:41:26:424,0.221906,0.000420182,0.681514,0.222473,0.00113933,0.676076
21:41:26:525,0.222079,0.000459099,0.67936,0.222552,0.00144532,0.674071
21:41:26:625,0.222308,0.000584791,0.677138,0.22278,0.00171046,0.67169
21:41:26:725,0.222561,0.000816172,0.674978,0.223087,0.00219357,0.669346
21:41:26:825,0.22276,0.00122269,0.672799,0.22353,0.00265924,0.667312
21:41:26:925,0.222991,0.00174109,0.670581,0.224149,0.00318891,0.665213
21:41:27:026,0.223365,0.00221116,0.668441,0.224982,0.00370871,0.663544
21:41:27:126,0.223891,0.00278527,0.666457,0.226354,0.00442422,0.662436
21:41:27:226,0.224515,0.00336625,0.664779,0.227919,0.00534137,0.662061
21:41:27:326,0.225365,0.0040868,0.663806,0.229959,0.00656992,0.66203
21:41:27:426,0.226893,0.00494552,0.662932,0.232366,0.00796749,0.662051
21:41:27:527,0.228921,0.00606442,0.662024,0.234824,0.00936093,0.662044
21:41:27:627,0.231204,0.00735065,0.661445,0.23771,0.0111001,0.66216
21:41:27:727,0.233764,0.00879801,0.661162,0.240778,0.0129569,0.662124
21:41:27:827,0.236469,0.0103986,0.661194,0.243023,0.0142844,0.662172
21:41:27:928,0.239145,0.0119639,0.661284,0.245909,0.0160131,0.662231
21:41:28:028,0.241827,0.0135715,0.661453,0.248184,0.0174548,0.662262
21:41:28:128,0.24445,0.0151872,0.661518,0.250682,0.0191041,0.662236
21:41:28:228,0.246984,0.0167818,0.661572,0.252803,0.0205384,0.662121
21:41:28:328,0.249346,0.0183132,0.661659,0.254706,0.021895,0.662071
21:41:28:429,0.251575,0.0197809,0.66175,0.256869,0.023416,0.66213
21:41:28:529,0.253746,0.0212357,0.661782,0.259638,0.02553,0.662292
21:41:28:629,0.256067,0.0228738,0.661898,0.262173,0.0274948,0.662188
21:41:28:729,0.258459,0.0247087,0.661993,0.264801,0.0295544,0.661924
21:41:28:830,0.260938,0.0266224,0.661981,0.267671,0.0319087,0.6619
21:41:28:930,0.263626,0.0286936,0.661837,0.270039,0.034012,0.661924
21:41:29:030,0.266268,0.0308278,0.661733,0.272541,0.0362735,0.66168
21:41:29:130,0.26879,0.033,0.661729,0.274686,0.0383835,0.661081
21:41:29:231,0.271109,0.0351811,0.661634,0.277119,0.0407716,0.660004
21:41:29:331,0.273539,0.0374299,0.661016,0.279358,0.0430241,0.659179
21:41:29:431,0.275907,0.0396841,0.660301,0.280951,0.0447036,0.658734
21:41:29:531,0.278052,0.0417748,0.659552,0.282574,0.0464524,0.658369
21:41:29:631,0.279963,0.0437291,0.658968,0.284412,0.0484462,0.657989
21:41:29:732,0.281961,0.0458273,0.658467,0.285987,0.0501472,0.657749
21:41:29:832,0.283666,0.0476428,0.658066,0.28778,0.0522802,0.657482
21:41:29:932,0.28532,0.0494812,0.6578,0.289339,0.0539664,0.65727
21:41:30:032,0.286977,0.051304,0.657475,0.291343,0.0560521,0.65703
21:41:30:132,0.288724,0.0531871,0.657234,0.293612,0.0588578,0.656913
21:41:30:233,0.290596,0.0554029,0.657103,0.295465,0.0617275,0.656379
21:41:30:333,0.292509,0.0578831,0.656865,0.297522,0.0648416,0.655385
21:41:30:433,0.294488,0.0606033,0.656405,0.299659,0.0683019,0.65438
21:41:30:533,0.296549,0.063573,0.655613,0.301644,0.0713911,0.653397
21:41:30:634,0.298582,0.0666901,0.654768,0.303353,0.0742464,0.653028
21:41:30:734,0.300515,0.0697658,0.653945,0.304709,0.0763447,0.653144
21:41:30:834,0.302251,0.0725111,0.653513,0.306483,0.0791597,0.653384
21:41:30:934,0.303972,0.0751604,0.65334,0.307514,0.0808384,0.653406
21:41:31:034,0.305455,0.0775715,0.653308,0.307944,0.0814976,0.653403
21:41:31:135,0.306571,0.0793997,0.653338,0.308521,0.0822245,0.65362
21:41:31:235,0.30748,0.0807804,0.653334,0.309756,0.084397,0.654146
21:41:31:335,0.308343,0.082136,0.653652,0.311523,0.0877589,0.654659
21:41:31:435,0.309508,0.0841686,0.653998,0.312684,0.0901366,0.654855
21:41:31:536,0.310801,0.0864877,0.654336,0.313295,0.0914821,0.654653
21:41:31:636,0.311911,0.0886036,0.654487,0.313509,0.0915034,0.654578
21:41:31:736,0.312627,0.0900491,0.654545,0.313363,0.0907789,0.654553
21:41:31:836,0.313088,0.0906617,0.654533,0.312836,0.0889247,0.654405
21:41:31:937,0.313168,0.0907337,0.654521,0.312002,0.0867011,0.654673
21:41:32:037,0.312909,0.0901041,0.654813,0.310336,0.0827742,0.655181
21:41:32:137,0.312071,0.0882428,0.655352,0.308592,0.0789226,0.655401
21:41:32:237,0.310814,0.0853425,0.655671,0.306427,0.074522,0.655889
21:41:32:338,0.309182,0.0816733,0.655983,0.303903,0.0699216,0.656626
21:41:32:438,0.307175,0.0774561,0.656356,0.301848,0.0662328,0.657244
21:41:32:538,0.305033,0.0732617,0.65679,0.299093,0.061794,0.658386
21:41:32:638,0.302686,0.0689829,0.657431,0.296397,0.057766,0.659384
21:41:32:738,0.300225,0.064666,0.658237,0.293562,0.0536517,0.659956
21:41:32:839,0.297559,0.0603902,0.659062,0.291073,0.0502416,0.660592
21:41:32:939,0.294894,0.0563214,0.65979,0.287895,0.0462455,0.661823
21:41:33:039,0.292112,0.0524406,0.660542,0.284741,0.0427745,0.6632
21:41:33:139,0.289211,0.048658,0.661532,0.281352,0.0392469,0.664112
21:41:33:240,0.286064,0.0449069,0.662577,0.276873,0.0348951,0.664609
21:41:33:340,0.282454,0.0410596,0.663424,0.272452,0.030993,0.665165
21:41:33:440,0.278529,0.0371338,0.664139,0.267451,0.0268042,0.666295
21:41:33:540,0.2741,0.0331585,0.665029,0.261705,0.0224466,0.66785
21:41:33:640,0.269204,0.0290674,0.666118,0.257579,0.0195079,0.668804
21:41:33:741,0.264436,0.0252529,0.667172,0.253134,0.016498,0.669642
21:41:33:841,0.259836,0.0217312,0.668091,0.249249,0.0140628,0.670368
21:41:33:941,0.255492,0.0186092,0.668977,0.244868,0.0114491,0.671477
21:41:34:041,0.251132,0.0157066,0.670014,0.240958,0.00932905,0.672598
21:41:34:142,0.246909,0.013146,0.671033,0.237242,0.00750404,0.673481
21:41:34:242,0.242531,0.0106128,0.672107,0.23309,0.00564449,0.674009
21:41:34:342,0.238642,0.00855773,0.672945,0.22979,0.00414929,0.674043
21:41:34:442,0.234979,0.00673218,0.673473,0.226007,0.00272442,0.674242
21:41:34:543,0.231414,0.00511344,0.673754,0.222651,0.00155574,0.674287
21:41:34:643,0.227767,0.003658,0.673989,0.219268,0.000549049,0.674157
21:41:34:743,0.224314,0.00236438,0.674132,0.215175,-0.000582839,0.673986
21:41:34:843,0.220651,0.00117013,0.674185,0.211457,-0.00166594,0.673819
21:41:34:943,0.216893,2.46934e-05,0.674082,0.207585,-0.00285016,0.673385
21:41:35:044,0.213161,-0.0011138,0.673804,0.203312,-0.00395416,0.673433
21:41:35:144,0.209261,-0.00219694,0.673625,0.199158,-0.00472676,0.673765
21:41:35:244,0.205206,-0.00323047,0.673563,0.195567,-0.00552181,0.673553
21:41:35:344,0.201257,-0.00414183,0.673604,0.192682,-0.0060277,0.673178
21:41:35:444,0.197695,-0.00493255,0.673456,0.190586,-0.0062563,0.672976
21:41:35:545,0.194682,-0.00553562,0.673254,0.188021,-0.00652834,0.673077
21:41:35:645,0.19186,-0.00597893,0.673181,0.185447,-0.00674751,0.673392
21:41:35:745,0.189236,-0.00631716,0.673191,0.183534,-0.0069143,0.673363
21:41:35:845,0.186833,-0.00654519,0.673265,0.180866,-0.0072425,0.672938
21:41:35:946,0.184499,-0.0068564,0.673102,0.178152,-0.00750127,0.672453
21:41:36:046,0.18199,-0.00710168,0.672857,0.175633,-0.00754242,0.671943
21:41:36:146,0.179426,-0.00726009,0.672526,0.173219,-0.00763284,0.671226
21:41:36:246,0.176863,-0.00743981,0.672102,0.169889,-0.00776832,0.670213
21:41:36:346,0.174105,-0.0075966,0.671479,0.167735,-0.00786099,0.669388
21:41:36:447,0.171486,-0.00767484,0.670669,0.165502,-0.00784236,0.66829
21:41:36:547,0.168978,-0.00772191,0.669772,0.163635,-0.00786434,0.66703
21:41:36:647,0.166793,-0.0077933,0.668636,0.162446,-0.00801819,0.66533
21:41:36:747,0.164932,-0.00790547,0.66737,0.161713,-0.00803306,0.663163
21:41:36:848,0.163488,-0.00800316,0.665836,0.161064,-0.00794999,0.661215
21:41:36:948,0.162371,-0.00800311,0.664055,0.161048,-0.00795332,0.659339
21:41:37:048,0.161683,-0.00797988,0.662154,0.161026,-0.00771863,0.658537
21:41:37:148,0.161277,-0.00796371,0.660585,0.160567,-0.00747699,0.657938
21:41:37:249,0.160967,-0.00794456,0.659453,0.159783,-0.00732364,0.657115
21:41:37:349,0.160449,-0.00791804,0.658496,0.159456,-0.00718695,0.655852
21:41:37:449,0.160021,-0.00787381,0.657502,0.160176,-0.00710283,0.655457
21:41:37:549,0.159907,-0.00778751,0.656658,0.161616,-0.00734913,0.656818
21:41:37:649,0.16018,-0.00774505,0.656373,0.162403,-0.00827327,0.659473
21:41:37:750,0.1609,-0.00777503,0.656834,0.163087,-0.00844345,0.665673
21:41:37:850,0.161667,-0.00785189,0.659215,0.16366,-0.00904502,0.669625
21:41:37:950,0.162415,-0.00808236,0.662765,0.165161,-0.00855639,0.675217
21:41:38:050,0.163365,-0.00820126,0.667143,0.166845,-0.00872554,0.678743
21:41:38:151,0.164549,-0.00826267,0.671719,0.168914,-0.00857543,0.682456
21:41:38:251,0.166219,-0.00835152,0.675719,0.170988,-0.00788943,0.68656
21:41:38:351,0.168091,-0.0084173,0.679819,0.171994,-0.00768644,0.688958
21:41:38:451,0.169719,-0.00839793,0.683539,0.173073,-0.00729606,0.691687
21:41:38:551,0.171281,-0.00822621,0.687128,0.173968,-0.00689713,0.694279
21:41:38:652,0.172432,-0.00791599,0.690048,0.17459,-0.00670093,0.697236
21:41:38:752,0.173356,-0.00752229,0.692897,0.174685,-0.00661011,0.69949
21:41:38:852,0.174078,-0.00726624,0.695458,0.174415,-0.00673806,0.702213
21:41:38:952,0.174323,-0.00711008,0.698095,0.174026,-0.0062784,0.705027
21:41:39:053,0.174297,-0.00684962,0.70085,0.174136,-0.00583317,0.707621
21:41:39:153,0.174223,-0.00651004,0.703538,0.174649,-0.00497708,0.710507
21:41:39:253,0.174382,-0.00602424,0.70623,0.175194,-0.00421121,0.713537
21:41:39:353,0.17469,-0.00534016,0.709085,0.1758,-0.00366888,0.716716
21:41:39:453,0.175042,-0.00465284,0.712117,0.176339,-0.00270034,0.720167
21:41:39:554,0.175536,-0.00394294,0.715226,0.176525,-0.00165481,0.723471
21:41:39:654,0.175978,-0.00309417,0.718466,0.176233,-0.000650087,0.727131
21:41:39:754,0.176192,-0.00215809,0.721874,0.175893,0.000171776,0.729804
21:41:39:854,0.1761,-0.00123673,0.725135,0.175458,0.000648092,0.731075
21:41:39:954,0.175872,-0.000415216,0.727732,0.174807,0.000707151,0.731567
21:41:40:055,0.175501,0.000163001,0.729496,0.173661,0.000753532,0.732313
21:41:40:155,0.174991,0.000482341,0.730701,0.172387,0.000838351,0.733085
21:41:40:255,0.174362,0.000632103,0.731645,0.17117,0.000646799,0.73318
21:41:40:356,0.173464,0.000690176,0.732296,0.169008,0.000394201,0.732954
21:41:40:456,0.172028,0.000687555,0.732826,0.166443,0.00035977,0.732846
21:41:40:556,0.169943,0.00067922,0.733376,0.163501,0.000655327,0.732851
21:41:40:656,0.167366,0.000668921,0.733741,0.159758,0.00121029,0.733175
21:41:40:757,0.164394,0.000768359,0.733876,0.156492,0.0016692,0.73343
21:41:40:857,0.16126,0.00108032,0.733971,0.153294,0.00164883,0.733138
21:41:40:957,0.15803,0.00131722,0.733898,0.14985,0.00170088,0.732825
21:41:41:057,0.154751,0.00143362,0.733695,0.146346,0.0018859,0.732506
21:41:41:157,0.151367,0.00156373,0.733382,0.142666,0.00196113,0.731968
21:41:41:258,0.147928,0.00173033,0.732926,0.139852,0.00201124,0.731446
21:41:41:358,0.144614,0.00187964,0.732406,0.137166,0.00226661,0.731101
21:41:41:458,0.141474,0.00199314,0.731961,0.13476,0.00243084,0.730791
21:41:41:558,0.138703,0.00212369,0.731499,0.132295,0.00261869,0.730476
21:41:41:659,0.136135,0.00229326,0.731044,0.12947,0.00293441,0.729984
21:41:41:759,0.13346,0.00253619,0.730666,0.127071,0.00312859,0.729206
21:41:41:859,0.130834,0.00274196,0.730167,0.124332,0.00339305,0.727965
21:41:41:959,0.128197,0.00298026,0.729436,0.121133,0.00388399,0.726626
21:41:42:059,0.125451,0.00329554,0.728423,0.118222,0.00414086,0.7251
21:41:42:160,0.12257,0.00363809,0.727207,0.116055,0.00434065,0.723908
21:41:42:260,0.119921,0.00391406,0.725829,0.113938,0.00463009,0.72284
21:41:42:360,0.117401,0.00419169,0.724605,0.112042,0.00507989,0.722247
21:41:42:460,0.115165,0.00448434,0.723605,0.110778,0.00531693,0.721391
21:41:42:561,0.113244,0.00482009,0.722748,0.109208,0.00536312,0.719995
21:41:42:661,0.111581,0.00505007,0.721696,0.108191,0.00506684,0.718528
21:41:42:761,0.110123,0.00515007,0.720466,0.108817,0.00450549,0.717738
21:41:42:861,0.109324,0.00512058,0.719329,0.111859,0.00330342,0.717412
21:41:42:961,0.109511,0.0047447,0.71844,0.115278,0.00231844,0.717803
21:41:43:062,0.111104,0.00399354,0.717939,0.119929,0.00121066,0.718623
21:41:43:162,0.114183,0.00303309,0.717613,0.125277,0.000237304,0.719871
21:41:43:262,0.118256,0.00200341,0.717945,0.131487,-0.000641558,0.721174
21:41:43:362,0.123284,0.000941899,0.718723,0.137475,-0.00155521,0.721919
21:41:43:463,0.128805,-8.72151e-05,0.719662,0.142877,-0.00238087,0.722463
21:41:43:563,0.134493,-0.0010356,0.720472,0.148932,-0.00315547,0.722865
21:41:43:663,0.140198,-0.0019155,0.721306,0.15402,-0.00375919,0.723034
21:41:43:763,0.145798,-0.00270858,0.721841,0.159335,-0.00423366,0.723035
21:41:43:863,0.151371,-0.00339286,0.722118,0.165202,-0.00459344,0.722877
21:41:43:964,0.1569,-0.00395234,0.722315,0.170709,-0.00476716,0.722761
21:41:44:064,0.162506,-0.00434397,0.722361,0.177383,-0.00469626,0.722581
21:41:44:164,0.16837,-0.00455423,0.722387,0.182922,-0.00402643,0.72258
21:41:44:264,0.174383,-0.00468762,0.722307,0.187874,-0.00280589,0.723096
21:41:44:365,0.179892,-0.0044161,0.722486,0.192606,-0.00179425,0.723307
21:41:44:465,0.185208,-0.00369385,0.722627,0.1984,-0.000634053,0.723296
21:41:44:565,0.190529,-0.00272764,0.722812,0.203335,0.000427652,0.723261
21:41:44:665,0.195764,-0.00163291,0.722877,0.208588,0.00172301,0.723201
21:41:44:765,0.200915,-0.000423775,0.722949,0.213967,0.00308023,0.722787
21:41:44:866,0.206161,0.000906746,0.722858,0.218442,0.00425646,0.72223
21:41:44:966,0.211282,0.00224348,0.722534,0.223073,0.00565694,0.721475
21:41:45:066,0.216121,0.00356293,0.722052,0.227789,0.00718098,0.720844
21:41:45:166,0.220862,0.00493722,0.721555,0.232562,0.00902966,0.720458
21:41:45:267,0.225507,0.00650407,0.721108,0.237807,0.0113914,0.720357
21:41:45:367,0.230355,0.0083753,0.720727,0.242095,0.0136021,0.720467
21:41:45:467,0.235209,0.0104152,0.720438,0.247499,0.016372,0.720432
21:41:45:567,0.240166,0.0127177,0.720248,0.251482,0.0183439,0.719903
21:41:45:667,0.244785,0.015046,0.720153,0.254567,0.0194231,0.718727
21:41:45:768,0.248897,0.0170077,0.719639,0.2584,0.0212796,0.717727
21:41:45:868,0.252797,0.018783,0.718856,0.261755,0.0229196,0.716684
21:41:45:968,0.256513,0.020497,0.717967,0.26545,0.0246893,0.715091
21:41:46:068,0.260129,0.0221921,0.716833,0.26807,0.0262498,0.713984
21:41:46:169,0.263454,0.0238599,0.715646,0.271115,0.0283281,0.712762
21:41:46:269,0.266603,0.0256501,0.714491,0.273593,0.0300519,0.71166
21:41:46:369,0.269495,0.0274172,0.713245,0.276482,0.0318868,0.710232
21:41:46:469,0.272367,0.0292091,0.711959,0.278098,0.0330438,0.70956
21:41:46:570,0.274834,0.0308219,0.710915,0.27987,0.0343167,0.708845
21:41:46:670,0.276933,0.0323115,0.710072,0.282002,0.0359263,0.707658
21:41:46:770,0.279056,0.0337869,0.709029,0.283586,0.0367459,0.706354
21:41:46:870,0.280948,0.035079,0.707931,0.285265,0.037672,0.704869
21:41:46:971,0.282611,0.0362139,0.706888,0.286622,0.038556,0.703654
21:41:47:071,0.284234,0.0372203,0.705843,0.287406,0.0394937,0.702604
21:41:47:171,0.285475,0.0381695,0.705019,0.287659,0.0399782,0.700148
21:41:47:271,0.28635,0.0389067,0.703832,0.287482,0.0399116,0.697162
21:41:47:371,0.286982,0.0394954,0.701774,0.287022,0.0394351,0.694777
21:41:47:472,0.287437,0.039716,0.699184,0.286253,0.0384081,0.692336
21:41:47:572,0.28739,0.0397147,0.696244,0.28591,0.0376222,0.689605
21:41:47:672,0.286921,0.0395009,0.693632,0.285594,0.0371225,0.687312
21:41:47:772,0.286486,0.0391332,0.691166,0.284766,0.0362012,0.684868
21:41:47:873,0.28591,0.0384108,0.688699,0.283669,0.03518,0.682936
21:41:47:973,0.285141,0.0374311,0.686365,0.282904,0.0343027,0.6812
21:41:48:073,0.284301,0.0364202,0.684179,0.282122,0.0335524,0.678836
21:41:48:173,0.283437,0.035438,0.682131,0.28117,0.0325671,0.676344
21:41:48:273,0.28255,0.0344281,0.679898,0.280208,0.0314636,0.674413
21:41:48:374,0.281656,0.0334306,0.677631,0.279217,0.0304301,0.672807
21:41:48:474,0.280698,0.032311,0.675631,0.278386,0.0297146,0.67162
21:41:48:574,0.279712,0.0313097,0.673994,0.277063,0.0288198,0.669919
21:41:48:674,0.278762,0.0303275,0.672304,0.276048,0.0280485,0.668461
21:41:48:774,0.277712,0.0294524,0.670725,0.274679,0.0271597,0.66678
21:41:48:875,0.27652,0.0285454,0.6691,0.273149,0.0263005,0.664494
21:41:48:975,0.275203,0.027698,0.667332,0.272209,0.0260711,0.661742
21:41:49:075,0.27394,0.0269443,0.66527,0.271871,0.0263089,0.658357
21:41:49:176,0.272972,0.0266113,0.662736,0.27194,0.0268332,0.654971
21:41:49:276,0.2724,0.0265275,0.659726,0.272003,0.0275744,0.652442
21:41:49:376,0.272173,0.0265087,0.656818,0.27196,0.0281796,0.65034
21:41:49:476,0.272038,0.0266535,0.654173,0.27166,0.0287222,0.647718
21:41:49:576,0.271957,0.0270175,0.651554,0.271128,0.0289418,0.645413
21:41:49:677,0.271755,0.0274085,0.648943,0.270354,0.0289982,0.642911
21:41:49:777,0.271193,0.0278428,0.646575,0.269441,0.028841,0.640225
21:41:49:877,0.270553,0.0281294,0.644155,0.268663,0.0287023,0.638028
21:41:49:979,0.26979,0.0282216,0.641655,0.267988,0.028876,0.636305
21:41:50:078,0.269088,0.02829,0.639403,0.267512,0.0289176,0.635022
21:41:50:178,0.268395,0.0284074,0.637516,0.26724,0.0288446,0.634416
21:41:50:278,0.267917,0.0284785,0.636101,0.267096,0.0288183,0.634202
21:41:50:378,0.26751,0.0285537,0.635237,0.267028,0.0288251,0.633984
21:41:50:478,0.2672,0.0286372,0.634671,0.266831,0.0286794,0.633697
21:41:50:578,0.266976,0.0286892,0.634343,0.266575,0.028275,0.633801
21:41:50:679,0.266806,0.0286839,0.634077,0.26647,0.027501,0.635344
21:41:50:779,0.266687,0.0286711,0.634076,0.26656,0.0256461,0.640346
21:41:50:879,0.266495,0.0281579,0.635509,0.266554,0.0241791,0.644675
21:41:50:979,0.266289,0.027099,0.638362,0.26663,0.0223896,0.650239
21:41:51:080,0.266093,0.0256317,0.642542,0.266601,0.0212103,0.654742
21:41:51:180,0.26598,0.0240838,0.647177,0.266298,0.0201398,0.659659
21:41:51:280,0.265998,0.0226591,0.651748,0.265688,0.0190552,0.664065
21:41:51:380,0.265817,0.0213206,0.656528,0.264889,0.0179286,0.668018
21:41:51:480,0.265339,0.0200298,0.661099,0.26425,0.0168819,0.67171
21:41:51:581,0.264803,0.018836,0.665304,0.263043,0.0160084,0.675748
21:41:51:681,0.264121,0.0177554,0.669413,0.261881,0.0151086,0.680269
21:41:51:781,0.26329,0.0167141,0.673527,0.260621,0.0144291,0.684246
21:41:51:881,0.262307,0.0158218,0.677698,0.25931,0.0136559,0.68875
21:41:51:981,0.261082,0.0148876,0.682419,0.258055,0.0129673,0.694162
21:41:52:082,0.259845,0.0141455,0.687015,0.25677,0.0126514,0.699886
21:41:52:182,0.258624,0.0134978,0.691929,0.255757,0.012549,0.704173
21:41:52:283,0.257385,0.0131115,0.696864,0.254482,0.0123951,0.708427
21:41:52:383,0.256176,0.0128236,0.701456,0.253076,0.0120737,0.711644
21:41:52:483,0.254872,0.0125272,0.705741,0.251276,0.0113662,0.71425
21:41:52:583,0.253667,0.0120612,0.709229,0.249321,0.0103565,0.715927
21:41:52:683,0.25237,0.0114964,0.711921,0.246809,0.00904224,0.717668
21:41:52:784,0.250657,0.0106132,0.714125,0.243886,0.00796403,0.719911
21:41:52:884,0.248321,0.00964241,0.716292,0.240313,0.006813,0.72222
21:41:52:984,0.245469,0.00854043,0.718574,0.236536,0.00537739,0.723824
21:41:53:084,0.242196,0.00733548,0.720604,0.232686,0.00390603,0.724974
21:41:53:184,0.238611,0.00604641,0.722424,0.228257,0.00239996,0.726433
21:41:53:285,0.234401,0.00467218,0.724439,0.223554,0.00101285,0.727422
21:41:53:385,0.229965,0.00324811,0.726234,0.218338,-0.000489983,0.728164
21:41:53:485,0.225255,0.00178981,0.727612,0.214898,-0.00172663,0.728049
21:41:53:585,0.220778,0.000390263,0.728361,0.211313,-0.00285576,0.727825
21:41:53:686,0.216704,-0.000908967,0.72864,0.208297,-0.00338431,0.728015
21:41:53:786,0.213134,-0.00194639,0.728669,0.205162,-0.00401273,0.727939
21:41:53:886,0.209754,-0.00279293,0.72862,0.202652,-0.0046138,0.727451
21:41:53:986,0.206674,-0.00352983,0.728373,0.199323,-0.00538967,0.726928
21:41:54:086,0.203675,-0.00427461,0.727939,0.196024,-0.00614234,0.726298
21:41:54:187,0.200542,-0.00499276,0.72745,0.19246,-0.00713729,0.725235
21:41:54:287,0.197279,-0.00579285,0.726767,0.188819,-0.00815964,0.723858
21:41:54:387,0.193831,-0.00670196,0.72579,0.185888,-0.00877682,0.722807
21:41:54:487,0.190569,-0.00753942,0.724655,0.183774,-0.00927306,0.721704
21:41:54:588,0.187749,-0.00824829,0.723482,0.182051,-0.00989894,0.719924
21:41:54:688,0.18522,-0.00888457,0.722204,0.181219,-0.0102773,0.718411
21:41:54:788,0.183342,-0.0094597,0.720757,0.180449,-0.0106662,0.716589
21:41:54:888,0.182008,-0.00999459,0.719179,0.179868,-0.0109912,0.714632
21:41:54:989,0.181017,-0.0104102,0.717412,0.179614,-0.0113557,0.712031
21:41:55:089,0.180342,-0.0108312,0.715325,0.179826,-0.0117075,0.709444
21:41:55:189,0.179983,-0.0111647,0.713097,0.18044,-0.0118732,0.706646
21:41:55:289,0.179985,-0.0114485,0.710682,0.181352,-0.0118986,0.703272
21:41:55:390,0.180307,-0.0116859,0.707884,0.182094,-0.0119729,0.699999
21:41:55:490,0.18089,-0.0118532,0.70475,0.182616,-0.0122006,0.696251
21:41:55:590,0.181552,-0.0119884,0.701445,0.182886,-0.012215,0.692902
21:41:55:690,0.182046,-0.0120922,0.698086,0.18305,-0.0123634,0.689061
21:41:55:791,0.182469,-0.0121807,0.6945,0.18326,-0.0125825,0.684066
21:41:55:891,0.182764,-0.0122785,0.690581,0.18355,-0.0127063,0.680211
21:41:55:991,0.183104,-0.012416,0.686371,0.183885,-0.0125166,0.676976
21:41:56:092,0.183354,-0.0124539,0.682495,0.184352,-0.0122298,0.674533
21:41:56:192,0.1838,-0.0124831,0.678813,0.185001,-0.0117307,0.672268
21:41:56:292,0.184201,-0.0125048,0.676011,0.185796,-0.0113526,0.670028
21:41:56:392,0.184716,-0.0124063,0.673499,0.186499,-0.0110545,0.667811
21:41:56:492,0.185398,-0.0121854,0.671099,0.187071,-0.0103733,0.665301
21:41:56:593,0.18606,-0.0117688,0.6688,0.187172,-0.0100403,0.663322
21:41:56:693,0.186591,-0.0112222,0.666608,0.187172,-0.00965769,0.661172
21:41:56:793,0.186906,-0.0107388,0.664419,0.187344,-0.0086169,0.657442
21:41:56:893,0.187062,-0.0100551,0.661767,0.187678,-0.00791222,0.654407
21:41:56:994,0.187244,-0.00928867,0.658817,0.188225,-0.00706038,0.651858
21:41:57:094,0.187605,-0.00851114,0.656029,0.189131,-0.00598832,0.649511
21:41:57:194,0.188107,-0.00763166,0.653358,0.190096,-0.00506655,0.648182
21:41:57:294,0.188724,-0.00666463,0.651124,0.191218,-0.00375745,0.646096
21:41:57:394,0.189359,-0.00555463,0.649185,0.192064,-0.00264526,0.644109
21:41:57:495,0.190083,-0.00441555,0.64728,0.192777,-0.00146178,0.642167
21:41:57:595,0.190887,-0.00326821,0.645391,0.193958,-0.000572145,0.64057
21:41:57:695,0.191878,-0.00217313,0.643516,0.195242,0.000418707,0.63939
21:41:57:795,0.193037,-0.00112201,0.64186,0.196887,0.00149578,0.638204
21:41:57:896,0.194319,-4.30822e-05,0.640421,0.199241,0.00300577,0.636657
21:41:57:996,0.196046,0.00116652,0.639035,0.201014,0.0042594,0.635493
21:41:58:096,0.197898,0.00240735,0.637612,0.202766,0.00519581,0.634407
21:41:58:196,0.199786,0.00356666,0.636277,0.204003,0.00636319,0.633536
21:41:58:296,0.201451,0.00467842,0.635192,0.206401,0.008203,0.632788
21:41:58:397,0.203332,0.00601084,0.634187,0.209417,0.0102445,0.63238
21:41:58:497,0.205719,0.00763633,0.632986,0.213014,0.0122426,0.632354
21:41:58:597,0.208618,0.00943063,0.631944,0.216712,0.0139478,0.632467
21:41:58:697,0.211863,0.0112699,0.631481,0.220583,0.015597,0.632746
21:41:58:798,0.215392,0.0130619,0.631351,0.223501,0.0168334,0.632786
21:41:58:898,0.218785,0.0147038,0.631462,0.226846,0.0182109,0.633792
21:41:58:998,0.22211,0.0161871,0.631924,0.230754,0.0195125,0.635926
21:41:59:098,0.225591,0.0175923,0.633058,0.234066,0.0204309,0.637657
21:41:59:199,0.229076,0.0188379,0.634606,0.237086,0.0213434,0.63928
21:41:59:299,0.232408,0.019924,0.636163,0.240935,0.0229861,0.641229
21:41:59:399,0.235801,0.0210991,0.63805,0.244116,0.0245222,0.642349
21:41:59:499,0.239271,0.0224737,0.639645,0.247927,0.0259466,0.643738
21:41:59:599,0.242741,0.0239006,0.641036,0.252469,0.0284025,0.64536
21:41:59:700,0.246551,0.025589,0.642695,0.258402,0.0322841,0.647117
21:41:59:800,0.251077,0.0280084,0.644371,0.263071,0.0356961,0.648443
21:41:59:900,0.255914,0.030971,0.645852,0.267887,0.0392676,0.65021
21:42:00:000,0.2607,0.0342704,0.647482,0.271588,0.0419904,0.651766
21:42:00:101,0.26519,0.0374893,0.649076,0.275666,0.0452443,0.653412
21:42:00:201,0.269537,0.0406309,0.650633,0.279402,0.0483522,0.654894
21:42:00:301,0.273552,0.0437677,0.652306,0.281919,0.0502096,0.656039
21:42:00:401,0.277145,0.0465732,0.6537,0.284855,0.0523264,0.657343
21:42:00:501,0.280385,0.0490479,0.655191,0.28743,0.0542975,0.65866
21:42:00:602,0.283688,0.0514882,0.656588,0.290089,0.0565233,0.6603
21:42:00:702,0.286094,0.0533996,0.657807,0.292526,0.0585205,0.661976
21:42:00:802,0.288989,0.0557321,0.659515,0.295038,0.061025,0.663491
21:42:00:902,0.291429,0.0578854,0.661134,0.298071,0.0636906,0.665412
21:42:01:002,0.294042,0.060192,0.662762,0.300197,0.065643,0.66669
21:42:01:103,0.296622,0.0624333,0.66431,0.302524,0.0674957,0.668963
21:42:01:203,0.299033,0.0645405,0.66604,0.30415,0.0681195,0.671278
21:42:01:303,0.301168,0.0662319,0.668008,0.306083,0.069706,0.672898
21:42:01:403,0.303206,0.0676541,0.669923,0.308151,0.0720546,0.674418
21:42:01:503,0.305188,0.0693511,0.671778,0.309176,0.072816,0.675941
21:42:01:604,0.306956,0.0708833,0.673419,0.310531,0.0742523,0.677412
21:42:01:705,0.308455,0.0722192,0.674972,0.311888,0.0760253,0.678978
21:42:01:804,0.309865,0.0737293,0.676585,0.313415,0.0780289,0.680306
21:42:01:904,0.311298,0.0753843,0.678077,0.315445,0.0807206,0.682104
21:42:02:005,0.312929,0.0773969,0.679605,0.316793,0.0827443,0.683543
21:42:02:105,0.314493,0.079542,0.681144,0.318238,0.0844241,0.687175
21:42:02:205,0.315986,0.0815756,0.683349,0.319106,0.0856334,0.691315
21:42:02:305,0.317317,0.0833566,0.68625,0.319402,0.0863392,0.694533
21:42:02:406,0.318302,0.084695,0.68945,0.319697,0.0866067,0.697973
21:42:02:506,0.318956,0.0856656,0.69276,0.319807,0.08536,0.703098
21:42:02:606,0.319386,0.0859266,0.696644,0.318628,0.0824829,0.707973
21:42:02:706,0.319098,0.085466,0.700978,0.317286,0.079964,0.711155
21:42:02:807,0.318429,0.0841997,0.705042,0.315245,0.076861,0.71498
21:42:02:907,0.31753,0.0820857,0.708788,0.313053,0.0743992,0.719751
21:42:03:007,0.316097,0.079589,0.712817,0.311181,0.0729726,0.723983
21:42:03:107,0.314414,0.0772827,0.716989,0.309006,0.071358,0.72799
21:42:03:207,0.312393,0.0751521,0.72132,0.30714,0.0697232,0.730743
21:42:03:308,0.310437,0.0731427,0.725148,0.304705,0.0672709,0.733456
21:42:03:408,0.308271,0.071014,0.728468,0.302013,0.0641459,0.735412
21:42:03:508,0.305929,0.0685638,0.731232,0.298718,0.0600281,0.736921
21:42:03:608,0.303236,0.0655294,0.733605,0.295405,0.0561945,0.73836
21:42:03:709,0.300069,0.0620463,0.73595,0.291518,0.0525938,0.740686
21:42:03:809,0.2965,0.0583517,0.73843,0.286756,0.0490015,0.744133
21:42:03:909,0.292542,0.054672,0.741087,0.28215,0.046075,0.747413
21:42:04:009,0.288327,0.0512726,0.743809,0.276928,0.0425282,0.750251
21:42:04:110,0.283662,0.0478764,0.746708,0.272171,0.038842,0.751583
21:42:04:210,0.278896,0.0443349,0.749168,0.2666,0.0343425,0.752176
21:42:04:310,0.273908,0.0405616,0.750803,0.260727,0.0299613,0.75265
21:42:04:410,0.268541,0.036505,0.751896,0.25426,0.0257095,0.753235
21:42:04:511,0.26293,0.0323638,0.752536,0.249112,0.0227783,0.753915
21:42:04:611,0.257157,0.0285462,0.753212,0.244427,0.0204221,0.754662
21:42:04:711,0.251804,0.0252211,0.753903,0.2383,0.0175705,0.755504
21:42:04:811,0.246366,0.0221694,0.754574,0.233503,0.0154878,0.756047
21:42:04:911,0.240449,0.0191555,0.755298,0.229566,0.0138716,0.756561
21:42:05:012,0.23584,0.0169377,0.755865,0.224029,0.0118589,0.757023
21:42:05:112,0.231116,0.0148844,0.756365,0.219118,0.0101398,0.757222
21:42:05:212,0.22624,0.012981,0.756765,0.212466,0.00785504,0.757168
21:42:05:312,0.220865,0.0110587,0.75701,0.205077,0.00538505,0.756835
21:42:05:413,0.214684,0.00894446,0.757013,0.196844,0.00290346,0.75622
21:42:05:513,0.207827,0.006666,0.75667,0.19011,0.000684846,0.754559
21:42:05:613,0.200677,0.00439697,0.755986,0.183548,-0.00125845,0.752661
21:42:05:713,0.193772,0.00223058,0.754697,0.177069,-0.00285628,0.750558
21:42:05:814,0.186992,0.000229698,0.753085,0.170753,-0.00431984,0.748121
21:42:05:914,0.18034,-0.00154208,0.751198,0.164759,-0.00565322,0.745538
21:42:06:014,0.173986,-0.00312379,0.749,0.159802,-0.00676354,0.742933
21:42:06:114,0.168088,-0.00456879,0.74657,0.15665,-0.00765427,0.740627
21:42:06:215,0.163206,-0.00581442,0.744122,0.154707,-0.00859905,0.737688
21:42:06:315,0.159405,-0.00691692,0.741557,0.153513,-0.00958931,0.734359
21:42:06:415,0.156601,-0.00796328,0.738853,0.152779,-0.0107874,0.729751
21:42:06:515,0.154779,-0.00907624,0.735405,0.153301,-0.0118828,0.725039
21:42:06:615,0.153772,-0.0101929,0.73143,0.155367,-0.0130258,0.720459
21:42:06:716,0.153991,-0.0113099,0.727085,0.158492,-0.0136398,0.716141
21:42:06:816,0.15539,-0.0123089,0.722676,0.161758,-0.0142774,0.712583
21:42:06:916,0.157381,-0.0131539,0.718685,0.164833,-0.0148297,0.70818
21:42:07:016,0.159814,-0.0138415,0.714634,0.16708,-0.0149769,0.704649
21:42:07:116,0.162377,-0.0143939,0.710604,0.170006,-0.0150925,0.699202
21:42:07:217,0.164964,-0.0147069,0.706345,0.172245,-0.014897,0.695306
21:42:07:317,0.167657,-0.0149551,0.701904,0.175088,-0.0143701,0.691449
21:42:07:417,0.170422,-0.0151009,0.697629,0.17747,-0.0137185,0.688355
21:42:07:517,0.173003,-0.0149535,0.693901,0.180213,-0.0127806,0.685037
21:42:07:617,0.175793,-0.0143916,0.690235,0.182186,-0.0116914,0.681693
21:42:07:718,0.178259,-0.013553,0.686803,0.183791,-0.0104046,0.677855
21:42:07:818,0.180532,-0.0125155,0.683195,0.184726,-0.00942388,0.674131
21:42:07:918,0.18231,-0.0113693,0.679575,0.185723,-0.00784887,0.667895
21:42:08:018,0.183976,-0.0100772,0.675062,0.186974,-0.00646613,0.661725
21:42:08:118,0.185538,-0.00872599,0.669703,0.188235,-0.00540399,0.657669
21:42:08:219,0.186839,-0.00746022,0.664744,0.189668,-0.00410133,0.653341
21:42:08:319,0.188101,-0.00614725,0.65996,0.190678,-0.00321197,0.649585
21:42:08:419,0.189197,-0.00493153,0.65568,0.191349,-0.00208227,0.645955
21:42:08:519,0.19015,-0.00380268,0.651643,0.192845,-0.00107977,0.641921
21:42:08:620,0.19123,-0.00272507,0.647647,0.194686,-6.16396e-06,0.640047
21:42:08:720,0.192305,-0.00165131,0.644467,0.196713,0.00103117,0.63819
21:42:08:820,0.193632,-0.000545326,0.641961,0.199077,0.0020866,0.635315
21:42:08:920,0.195458,0.000556325,0.639425,0.201376,0.00319747,0.633053
21:42:09:020,0.197546,0.00164304,0.636897,0.204147,0.0047215,0.630898
21:42:09:121,0.199954,0.0028446,0.634516,0.206354,0.00613998,0.629287
21:42:09:221,0.202398,0.00412771,0.632336,0.207344,0.00752868,0.627478
21:42:09:321,0.204436,0.00544889,0.630354,0.207904,0.00923301,0.624087
21:42:09:421,0.205966,0.00694362,0.627967,0.208072,0.0101539,0.622079
21:42:09:521,0.207086,0.00847128,0.625321,0.209095,0.0119135,0.619861
21:42:09:622,0.207841,0.00981111,0.623077,0.212053,0.0140425,0.618217
21:42:09:722,0.209079,0.0112147,0.621258,0.216141,0.0163051,0.617542
21:42:09:822,0.211731,0.0133378,0.619344,0.220295,0.0187276,0.617494
21:42:09:923,0.215008,0.0155038,0.617842,0.224789,0.0214725,0.617205
21:42:10:023,0.218863,0.0178648,0.616761,0.229606,0.0242791,0.616736
21:42:10:123,0.223117,0.0204278,0.616129,0.234838,0.0270677,0.616829
21:42:10:223,0.227754,0.0230907,0.615857,0.240128,0.0299685,0.617707
21:42:10:323,0.232715,0.0258712,0.616051,0.245069,0.0329858,0.618543
21:42:10:424,0.237686,0.0287347,0.616632,0.248499,0.035177,0.618763
21:42:10:524,0.242269,0.0314844,0.617108,0.251649,0.0375132,0.618678
21:42:10:624,0.246203,0.0340336,0.61753,0.254383,0.039671,0.618388
21:42:10:725,0.249645,0.0363834,0.617776,0.257715,0.0420804,0.618312
21:42:10:825,0.252933,0.0386738,0.617875,0.261206,0.0444192,0.61891
21:42:10:925,0.256273,0.0410472,0.61804,0.264991,0.046732,0.620072
21:42:11:025,0.259751,0.0433959,0.618588,0.269182,0.0500892,0.621391
21:42:11:125,0.263475,0.04601,0.619566,0.273459,0.0538053,0.622404
21:42:11:226,0.267404,0.0489996,0.620527,0.278326,0.0583188,0.623164
21:42:11:326,0.271723,0.0526337,0.621369,0.282033,0.0619524,0.623837
21:42:11:426,0.275902,0.0564425,0.622337,0.284374,0.0641416,0.624251
21:42:11:526,0.279545,0.0597596,0.623064,0.286961,0.0662451,0.624643
21:42:11:627,0.282683,0.0625912,0.623597,0.289195,0.0674276,0.625304
21:42:11:727,0.285463,0.0648184,0.624192,0.290906,0.06788,0.626329
21:42:11:827,0.287795,0.0663097,0.624987,0.292735,0.0677986,0.628148
21:42:11:927,0.289854,0.0671738,0.626123,0.294674,0.0677145,0.630414
21:42:12:028,0.291827,0.0676641,0.62755,0.29595,0.0675512,0.632267
21:42:12:128,0.293498,0.0680497,0.629353,0.296771,0.0663896,0.634908
21:42:12:228,0.294835,0.0681196,0.631472,0.297703,0.0643243,0.63827
21:42:12:328,0.295955,0.0673817,0.634007,0.298421,0.0616721,0.643002
21:42:12:429,0.296902,0.0657323,0.637236,0.29846,0.0590557,0.647232
21:42:12:529,0.297568,0.0635472,0.641148,0.297611,0.0560076,0.651272
21:42:12:629,0.297785,0.0609806,0.644977,0.296469,0.0528816,0.654861
21:42:12:729,0.297648,0.0580831,0.64867,0.295071,0.0504837,0.657988
21:42:12:830,0.297037,0.0552027,0.652216,0.293993,0.0486789,0.660708
21:42:12:930,0.296005,0.0526855,0.65563,0.293222,0.0474379,0.662914
21:42:13:030,0.295099,0.0505799,0.658504,0.292417,0.0462135,0.66491
21:42:13:130,0.294188,0.0487813,0.661041,0.29134,0.0450897,0.666395
21:42:13:230,0.293145,0.0472413,0.663268,0.29043,0.0439783,0.667465
21:42:13:331,0.292187,0.0459667,0.664957,0.289547,0.0430769,0.668572
21:42:13:431,0.291156,0.0447735,0.666502,0.2884,0.0418738,0.670446
21:42:13:531,0.290132,0.0436324,0.667964,0.287474,0.0409354,0.671919
21:42:13:632,0.289023,0.0424885,0.669619,0.286746,0.0402323,0.673058
21:42:13:732,0.288009,0.041476,0.671142,0.286097,0.0396685,0.673915
21:42:13:832,0.287246,0.0407584,0.672247,0.285353,0.0390169,0.675126
21:42:13:932,0.286484,0.0400218,0.673375,0.284484,0.0380579,0.676759
21:42:14:032,0.285625,0.0392215,0.674772,0.283403,0.0368968,0.678777
21:42:14:132,0.284756,0.0383652,0.676287,0.282029,0.0353297,0.681975
21:42:14:233,0.283762,0.0372122,0.678362,0.280268,0.0332041,0.685888
21:42:14:333,0.282368,0.0357513,0.681214,0.277859,0.030692,0.691048
21:42:14:433,0.280702,0.0339265,0.684778,0.275569,0.0286449,0.695861
21:42:14:533,0.278717,0.0319425,0.688967,0.272875,0.0267893,0.700919
21:42:14:634,0.276413,0.0299312,0.693667,0.269899,0.0250013,0.706256
21:42:14:734,0.273794,0.027964,0.698625,0.26696,0.0237315,0.710994
21:42:14:834,0.271086,0.0262224,0.703514,0.264117,0.0226563,0.715018
21:42:14:935,0.268227,0.0247054,0.70826,0.261247,0.0214261,0.71847
21:42:15:035,0.265383,0.0233613,0.712436,0.258514,0.0204108,0.721207
21:42:15:135,0.262566,0.0221623,0.716101,0.254915,0.0189395,0.724292
21:42:15:235,0.259529,0.0208883,0.719446,0.25039,0.0170449,0.725972
21:42:15:335,0.256004,0.0194347,0.722265,0.245557,0.0148835,0.726426
21:42:15:436,0.251806,0.017725,0.72459,0.239924,0.0122796,0.72666
21:42:15:536,0.246938,0.0157176,0.726312,0.230101,0.00709509,0.727431
21:42:15:636,0.240518,0.0128086,0.727404,0.220758,0.00336727,0.728687
21:42:15:736,0.232771,0.00935572,0.728271,0.210541,0.000327952,0.729299
21:42:15:837,0.224061,0.00589807,0.728949,0.202615,-0.00133987,0.728731
21:42:15:937,0.215218,0.00300112,0.729208,0.196189,-0.00234357,0.726876
21:42:16:037,0.207233,0.000768654,0.728645,0.192246,-0.00289985,0.725275
21:42:16:137,0.200689,-0.000832171,0.727506,0.187864,-0.00384241,0.722409
21:42:16:237,0.195093,-0.00205638,0.725884,0.184201,-0.00535858,0.719057
21:42:16:338,0.190412,-0.00328517,0.723449,0.18133,-0.00664828,0.716307
21:42:16:438,0.186482,-0.00459241,0.720693,0.180774,-0.0067791,0.714963
21:42:16:538,0.183684,-0.00559306,0.718339,0.182964,-0.00579543,0.713943
21:42:16:639,0.182732,-0.00595974,0.716437,0.185123,-0.00509596,0.713054
21:42:16:739,0.183089,-0.00599226,0.715068,0.186932,-0.00512321,0.711788
21:42:16:839,0.184048,-0.00595739,0.713846,0.187566,-0.00568303,0.711055
21:42:16:939,0.185003,-0.00596722,0.712896,0.186976,-0.0058271,0.710459
21:42:17:039,0.185572,-0.00598667,0.71207,0.185886,-0.00561467,0.709746
21:42:17:140,0.18587,-0.00599408,0.711091,0.184519,-0.00584228,0.709044
21:42:17:240,0.185617,-0.00598592,0.710242,0.183375,-0.0062591,0.708316
21:42:17:340,0.185028,-0.00596914,0.709385,0.182406,-0.00670405,0.70786
21:42:17:440,0.184107,-0.00604764,0.708751,0.18177,-0.00674092,0.707747
21:42:17:541,0.183335,-0.00612239,0.708215,0.181471,-0.00663181,0.707647
21:42:17:641,0.182595,-0.00618199,0.70794,0.181229,-0.00658334,0.707606
21:42:17:741,0.182065,-0.00623068,0.707719,0.180354,-0.00631001,0.707655
21:42:17:841,0.181528,-0.00623952,0.707549,0.177927,-0.00608523,0.70686
21:42:17:942,0.180186,-0.00619126,0.707363,0.172754,-0.00646684,0.705686
21:42:18:042,0.177733,-0.00619121,0.706712,0.165636,-0.00697526,0.703703
21:42:18:142,0.173445,-0.00642478,0.70571,0.160088,-0.00687686,0.7017
21:42:18:242,0.168394,-0.00659944,0.704126,0.154508,-0.00666628,0.699194
21:42:18:342,0.163034,-0.00660171,0.702141,0.15074,-0.00648374,0.696845
21:42:18:443,0.157973,-0.00657788,0.700142,0.148276,-0.00623387,0.694646
21:42:18:543,0.153846,-0.00650298,0.697919,0.146735,-0.00594609,0.692762
21:42:18:643,0.150711,-0.00638317,0.695819,0.145594,-0.00541473,0.691544
21:42:18:743,0.148437,-0.00628062,0.693976,0.144666,-0.00503035,0.689602
21:42:18:843,0.146684,-0.00610429,0.692259,0.1446,-0.00484631,0.687265
21:42:18:944,0.145629,-0.00580954,0.690328,0.145244,-0.00481428,0.685803
21:42:19:044,0.145254,-0.00551738,0.688441,0.146128,-0.00472589,0.685329
21:42:19:144,0.145435,-0.0053017,0.686984,0.147146,-0.00474099,0.68607
21:42:19:245,0.145696,-0.00515214,0.686472,0.148844,-0.00480743,0.68796
21:42:19:345,0.146634,-0.00503927,0.686426,0.151061,-0.00504073,0.690961
21:42:19:445,0.148114,-0.00500928,0.687466,0.153974,-0.00524824,0.695445
21:42:19:545,0.15021,-0.00506124,0.689872,0.156667,-0.00539045,0.699126
21:42:19:646,0.152683,-0.00514275,0.69302,0.159441,-0.00556796,0.702351
21:42:19:746,0.155225,-0.00522741,0.696466,0.162283,-0.00578352,0.705654
21:42:19:846,0.157974,-0.00532286,0.69991,0.165717,-0.00574012,0.709244
21:42:19:946,0.161032,-0.00542394,0.703335,0.168082,-0.00581751,0.711793
21:42:20:046,0.163907,-0.00551979,0.706668,0.170668,-0.00594725,0.714778
21:42:20:147,0.166722,-0.00561561,0.709723,0.173274,-0.0058573,0.717446
21:42:20:247,0.169362,-0.00570452,0.712822,0.176308,-0.00554194,0.7205
21:42:20:347,0.17219,-0.00578014,0.715709,0.179771,-0.00487203,0.723994
21:42:20:447,0.175272,-0.00562392,0.718818,0.182917,-0.00413595,0.72737
21:42:20:548,0.178325,-0.00523095,0.722147,0.186477,-0.00312314,0.73117
21:42:20:648,0.181601,-0.00453863,0.725596,0.189069,-0.00210648,0.733985
21:42:20:748,0.184738,-0.0036701,0.72892,0.192648,-0.000466167,0.738812
21:42:20:848,0.187885,-0.00256142,0.732587,0.195816,0.00147566,0.743466
21:42:20:948,0.191072,-0.00110945,0.736781,0.198863,0.00345413,0.748295
21:42:21:049,0.194334,0.000654434,0.741159,0.201581,0.00526325,0.752221
21:42:21:149,0.197312,0.00250901,0.745585,0.2041,0.00695635,0.755211
21:42:21:249,0.200171,0.00427788,0.749509,0.205787,0.0084752,0.757797
21:42:21:349,0.20254,0.00599714,0.752934,0.206552,0.00951796,0.759793
21:42:21:450,0.204369,0.00751755,0.755818,0.207119,0.0104688,0.761511
21:42:21:550,0.205671,0.00879115,0.758169,0.207414,0.0107931,0.762004
21:42:21:650,0.206558,0.00973069,0.759913,0.207202,0.0105625,0.761688
21:42:21:750,0.206942,0.0101863,0.760945,0.206624,0.00972316,0.760387
21:42:21:851,0.207066,0.010277,0.761087,0.205563,0.00811423,0.758103
21:42:21:951,0.206738,0.00997015,0.760558,0.204023,0.00616431,0.754741
21:42:22:051,0.205895,0.00907389,0.758974,0.2023,0.00398278,0.750668
21:42:22:151,0.204642,0.00753495,0.756314,0.200768,0.0016319,0.745646
21:42:22:251,0.203087,0.0053764,0.752162,0.199703,-0.00040867,0.739346
21:42:22:352,0.201795,0.0033449,0.747471,0.198697,-0.00191919,0.730687
21:42:22:452,0.200414,0.00134743,0.741526,0.197698,-0.00290038,0.723372
21:42:22:552,0.199261,-0.000341483,0.734553,0.195957,-0.00406208,0.713632
21:42:22:652,0.197996,-0.00178085,0.726604,0.194751,-0.00454867,0.706514
21:42:22:753,0.196648,-0.00291778,0.718531,0.193824,-0.00468723,0.699539
21:42:22:853,0.195488,-0.00369265,0.7108,0.193162,-0.00490736,0.694754
21:42:22:953,0.194367,-0.00424008,0.704187,0.192374,-0.00543159,0.691231
21:42:23:053,0.193526,-0.00468813,0.698586,0.19166,-0.00553453,0.689463
21:42:23:154,0.192701,-0.00510723,0.694537,0.190711,-0.00558771,0.689187
21:42:23:254,0.191904,-0.0053151,0.691926,0.189856,-0.00583213,0.690954
21:42:23:354,0.191046,-0.00548725,0.691015,0.188862,-0.00617702,0.695804
21:42:23:454,0.190369,-0.00575436,0.691753,0.188169,-0.00624236,0.701539
21:42:23:555,0.189387,-0.00601095,0.694693,0.187441,-0.00629236,0.708544
21:42:23:655,0.188375,-0.00614604,0.699369,0.187114,-0.00571049,0.714289
21:42:23:755,0.187539,-0.0061525,0.704879,0.187255,-0.00492617,0.722057
21:42:23:855,0.187136,-0.00606744,0.711112,0.187202,-0.0039559,0.729581
21:42:23:955,0.186941,-0.00566083,0.718108,0.186742,-0.00276963,0.735942
21:42:24:056,0.186764,-0.00482893,0.725035,0.185901,-0.00046703,0.744599
21:42:24:156,0.186343,-0.00348974,0.732448,0.185831,0.00197181,0.752372
21:42:24:256,0.185929,-0.00168346,0.740272,0.186206,0.00450368,0.758701
21:42:24:356,0.185815,0.000568962,0.747658,0.186985,0.00700573,0.764204
21:42:24:457,0.186173,0.00299333,0.754289,0.187589,0.00901438,0.768328
21:42:24:557,0.186589,0.00530553,0.760132,0.187818,0.0103116,0.770846
21:42:24:657,0.187094,0.00739519,0.764667,0.187757,0.0113447,0.772868
21:42:24:757,0.187374,0.00904302,0.768241,0.187377,0.0121627,0.774418
21:42:24:858,0.187514,0.0103612,0.770894,0.186646,0.0121221,0.774535
21:42:24:958,0.187304,0.0112324,0.772604,0.1864,0.0113618,0.773279
21:42:25:058,0.187068,0.0115164,0.773191,0.187369,0.0101527,0.771008
21:42:25:158,0.187051,0.0114602,0.773041,0.188459,0.00891579,0.768411
21:42:25:259,0.18742,0.010925,0.772005,0.189519,0.00743275,0.764931
21:42:25:359,0.188159,0.00999199,0.769893,0.190077,0.00482094,0.75832
21:42:25:459,0.189011,0.00842968,0.766057,0.190293,0.00146971,0.750187
21:42:25:560,0.189568,0.00607352,0.760517,0.19047,-0.0018945,0.739161
21:42:25:659,0.189948,0.00323619,0.752731,0.191024,-0.00395607,0.724732
21:42:25:760,0.190283,0.000392229,0.742402,0.191875,-0.00510056,0.715778
21:42:25:860,0.190767,-0.00191589,0.731702,0.192685,-0.00584936,0.709132
21:42:25:960,0.191449,-0.00358766,0.722262,0.193292,-0.00633798,0.704286
21:42:26:060,0.192157,-0.00484046,0.714609,0.193633,-0.00653689,0.699878
21:42:26:161,0.192708,-0.00563554,0.708319,0.193736,-0.00695247,0.696741
21:42:26:261,0.193036,-0.006246,0.703493,0.193659,-0.00727224,0.693757
21:42:26:361,0.193353,-0.00666337,0.699302,0.193655,-0.00721467,0.691057
21:42:26:461,0.193479,-0.00701247,0.695472,0.194211,-0.00686359,0.688536
21:42:26:562,0.193702,-0.00710078,0.692504,0.194725,-0.0066295,0.687213
21:42:26:662,0.194005,-0.0071177,0.690157,0.194977,-0.00612007,0.686613
21:42:26:762,0.194387,-0.00709207,0.688488,0.195163,-0.0052343,0.686847
21:42:26:862,0.194637,-0.00679989,0.687691,0.195788,-0.00445273,0.687098
21:42:26:962,0.194818,-0.00613773,0.687386,0.196989,-0.00369334,0.687564
21:42:27:063,0.195358,-0.00537211,0.687128,0.19858,-0.00295606,0.688438
21:42:27:163,0.19639,-0.00456913,0.687054,0.200104,-0.00215289,0.689709
21:42:27:263,0.197761,-0.0037261,0.687552,0.201718,-0.00147739,0.690955
21:42:27:363,0.199233,-0.00290837,0.688504,0.20411,-0.000667986,0.692256
21:42:27:464,0.20104,-0.00211184,0.689695,0.206498,0.000822315,0.693618
21:42:27:564,0.2031,-0.00109166,0.691017,0.208694,0.00264873,0.694673
21:42:27:664,0.205278,0.000293982,0.692321,0.21119,0.00460609,0.695283
21:42:27:764,0.2076,0.00193442,0.69334,0.212809,0.00626355,0.695902
21:42:27:864,0.209731,0.00363987,0.694309,0.214529,0.00858181,0.696843
21:42:27:965,0.211729,0.0054833,0.695233,0.215625,0.0107733,0.697873
21:42:28:065,0.21338,0.00755198,0.69616,0.218126,0.0134219,0.698599
21:42:28:165,0.215217,0.00979872,0.697029,0.220373,0.0153484,0.698786
21:42:28:265,0.217292,0.0120314,0.697677,0.223388,0.0175571,0.698581
21:42:28:366,0.219651,0.0142822,0.698023,0.22627,0.0195023,0.69783
21:42:28:466,0.222289,0.0164466,0.698,0.229082,0.0222449,0.696577
21:42:28:566,0.224926,0.018707,0.69759,0.231024,0.0242465,0.694778
21:42:28:666,0.227448,0.0209796,0.696606,0.233499,0.0255073,0.692357
21:42:28:767,0.229764,0.0229537,0.695403,0.237432,0.027463,0.690503
21:42:28:867,0.232485,0.0247588,0.693961,0.243819,0.0307143,0.688245
21:42:28:967,0.236612,0.0270352,0.691761,0.24939,0.0337047,0.686823
21:42:29:067,0.241505,0.0296326,0.689511,0.254681,0.0368661,0.685485
21:42:29:167,0.24672,0.032538,0.687636,0.259604,0.0398761,0.684152
21:42:29:268,0.251945,0.0355415,0.685957,0.265583,0.0441946,0.682825
21:42:29:368,0.257368,0.0389164,0.684471,0.271949,0.0492533,0.681599
21:42:29:468,0.263111,0.0429109,0.683116,0.276562,0.0531892,0.68053
21:42:29:568,0.268609,0.0471139,0.681854,0.280978,0.0574594,0.679359
21:42:29:669,0.27372,0.0513192,0.68069,0.285263,0.0622361,0.678183
21:42:29:769,0.278449,0.0557582,0.679547,0.290072,0.0677627,0.676688
21:42:29:869,0.283091,0.0605035,0.678347,0.29378,0.0725134,0.675546
21:42:29:969,0.287434,0.0653964,0.677067,0.297687,0.0783788,0.674531
21:42:30:069,0.291594,0.0705368,0.67587,0.300578,0.0833947,0.674172
21:42:30:170,0.295315,0.0757672,0.675026,0.30389,0.089002,0.674451
21:42:30:270,0.298763,0.081166,0.674618,0.307608,0.0963482,0.674545
21:42:30:370,0.302314,0.0870533,0.674347,0.310229,0.101481,0.673916
21:42:30:471,0.305496,0.0930171,0.67412,0.313096,0.108074,0.672973
21:42:30:571,0.308572,0.0990141,0.673664,0.314832,0.11322,0.672023
21:42:30:671,0.311177,0.104915,0.672966,0.316244,0.118147,0.670775
21:42:30:771,0.313344,0.110376,0.672067,0.317298,0.121396,0.669939
21:42:30:872,0.315251,0.115671,0.671056,0.318055,0.124397,0.669084
21:42:30:973,0.316521,0.119538,0.670177,0.318621,0.125909,0.667994
21:42:31:073,0.317454,0.12244,0.669306,0.318737,0.125147,0.667007
21:42:31:173,0.318082,0.124053,0.668475,0.318381,0.122199,0.666999
21:42:31:274,0.318195,0.124341,0.668222,0.31799,0.119458,0.667584
21:42:31:374,0.318146,0.123525,0.668213,0.317391,0.116164,0.668718
21:42:31:474,0.317944,0.121674,0.668512,0.316124,0.111328,0.670027
21:42:31:574,0.317309,0.118508,0.669227,0.3142,0.104417,0.671311
21:42:31:675,0.316172,0.113838,0.670091,0.312289,0.098375,0.672147
21:42:31:775,0.314657,0.108359,0.671013,0.309725,0.0913468,0.673051
21:42:31:875,0.312754,0.102122,0.671891,0.30586,0.0831016,0.674685
21:42:31:975,0.310133,0.0952013,0.67293,0.3023,0.0765507,0.676306
21:42:32:076,0.307027,0.0880081,0.67418,0.297656,0.0687462,0.677796
21:42:32:176,0.303357,0.0806753,0.675601,0.292756,0.0613325,0.679077
21:42:32:276,0.299055,0.073232,0.677111,0.287316,0.0540718,0.680645
21:42:32:376,0.29443,0.0658905,0.678421,0.282496,0.0484854,0.682096
21:42:32:476,0.289513,0.0589651,0.679827,0.275892,0.0412537,0.683984
21:42:32:577,0.284166,0.052101,0.681401,0.270701,0.035815,0.684911
21:42:32:677,0.27867,0.0456833,0.682849,0.265415,0.030448,0.68581
21:42:32:777,0.273111,0.0396579,0.684131,0.259628,0.0256967,0.686766
21:42:32:878,0.267538,0.0340659,0.685271,0.254528,0.0220126,0.687453
21:42:32:978,0.262213,0.0292061,0.686142,0.24896,0.0184986,0.687721
21:42:33:078,0.256768,0.0249058,0.686861,0.24386,0.0155627,0.687675
21:42:33:178,0.251516,0.0210885,0.687249,0.23851,0.0129884,0.687877
21:42:33:279,0.246279,0.0177512,0.687423,0.233041,0.0105607,0.688344
21:42:33:379,0.240969,0.0148391,0.687701,0.228219,0.00872729,0.68886
21:42:33:479,0.235752,0.0123324,0.688163,0.223053,0.00703872,0.689281
21:42:33:579,0.230589,0.010165,0.68866,0.216632,0.00494731,0.689273
21:42:33:679,0.225105,0.00809123,0.688955,0.208787,0.00252922,0.688749
21:42:33:780,0.218776,0.0059531,0.688873,0.202137,0.000754612,0.688096
21:42:33:880,0.212035,0.00392132,0.688687,0.193161,-0.0014391,0.686608
21:42:33:980,0.204728,0.0018868,0.687916,0.188155,-0.00285507,0.685775
21:42:34:080,0.197815,-4.74133e-06,0.686972,0.18589,-0.00370921,0.686894
21:42:34:181,0.192479,-0.00152707,0.686762,0.18579,-0.00370474,0.689581
21:42:34:281,0.189145,-0.00256386,0.687511,0.18676,-0.00336121,0.693825
21:42:34:381,0.187722,-0.00306324,0.689108,0.187891,-0.00272289,0.697729
21:42:34:481,0.18731,-0.00315082,0.691754,0.189732,-0.00206777,0.703212
21:42:34:581,0.187693,-0.00310439,0.696039,0.191449,-0.00105589,0.708198
21:42:34:682,0.188783,-0.00274677,0.700508,0.19289,0.00037378,0.713042
21:42:34:782,0.190203,-0.00194785,0.705238,0.194474,0.00189459,0.718548
21:42:34:882,0.191796,-0.000728638,0.710097,0.195807,0.00313158,0.723971
21:42:34:982,0.19331,0.000642877,0.715448,0.197051,0.00415042,0.728948
21:42:35:082,0.194776,0.00195733,0.720716,0.198856,0.00592584,0.73416
21:42:35:183,0.196272,0.00337451,0.725965,0.200256,0.00718462,0.738268
21:42:35:283,0.197926,0.00482084,0.730831,0.201484,0.00909805,0.74262
21:42:35:383,0.199315,0.00641091,0.735574,0.202528,0.0113369,0.748157
21:42:35:483,0.20064,0.00825095,0.740393,0.203126,0.0133079,0.753049
21:42:35:583,0.201735,0.0101736,0.745361,0.203969,0.0158978,0.758033
21:42:35:684,0.202642,0.0123302,0.750332,0.20489,0.0182895,0.762148
21:42:35:784,0.203545,0.0146551,0.755089,0.20571,0.0206259,0.766746
21:42:35:884,0.204371,0.0170148,0.759668,0.206086,0.0227671,0.770457
21:42:35:984,0.205161,0.0193294,0.763993,0.206164,0.0252029,0.774361
21:42:36:084,0.205653,0.0216483,0.76812,0.206118,0.0258351,0.775291
21:42:36:185,0.205918,0.0235143,0.771317,0.206081,0.0244892,0.773549
21:42:36:285,0.206033,0.0243007,0.772761,0.205635,0.0210458,0.769082
21:42:36:385,0.205977,0.02388,0.772337,0.205588,0.0182171,0.764527
21:42:36:486,0.205867,0.0223957,0.770169,0.206227,0.0158599,0.759435
21:42:36:586,0.206007,0.0203086,0.766611,0.207,0.014205,0.754256
21:42:36:686,0.20631,0.0181301,0.762217,0.208109,0.0115495,0.747237
21:42:36:786,0.206878,0.0158187,0.756778,0.208783,0.00962758,0.740922
21:42:36:886,0.207573,0.0134743,0.750797,0.209464,0.00810465,0.735044
21:42:36:987,0.208358,0.0113827,0.74459,0.210614,0.00663427,0.728417
21:42:37:087,0.209138,0.00952321,0.738338,0.211884,0.00617563,0.722433
21:42:37:187,0.210142,0.0080754,0.732035,0.213019,0.0060941,0.717192
21:42:37:287,0.211199,0.00714282,0.726076,0.21416,0.00511132,0.711282
21:42:37:388,0.212293,0.00632414,0.72023,0.214862,0.00503838,0.706654
21:42:37:488,0.213252,0.00574396,0.714696,0.216065,0.00456815,0.700152
21:42:37:588,0.214323,0.00523049,0.708998,0.217173,0.0045184,0.695088
21:42:37:688,0.215358,0.00492005,0.703376,0.218586,0.00458148,0.6909
21:42:37:788,0.216572,0.00479848,0.698225,0.220167,0.00516936,0.687323
21:42:37:889,0.217847,0.00479929,0.69379,0.221367,0.00559413,0.685025
21:42:37:989,0.219094,0.00482414,0.690063,0.222567,0.00626178,0.682259
21:42:38:089,0.220222,0.00496516,0.686904,0.223886,0.00696298,0.678966
21:42:38:190,0.221358,0.00535839,0.683899,0.225523,0.00770217,0.676393
21:42:38:290,0.222732,0.00593386,0.680902,0.228579,0.00875322,0.674561
21:42:38:390,0.224701,0.00679078,0.678261,0.233016,0.010511,0.673977
21:42:38:490,0.227512,0.00798663,0.676382,0.239746,0.01357,0.674123
21:42:38:590,0.231935,0.00986643,0.674772,0.246573,0.0172751,0.674575
21:42:38:691,0.23755,0.0124693,0.673816,0.253678,0.021677,0.67549
21:42:38:791,0.243859,0.0158929,0.673707,0.260683,0.0265777,0.676136
21:42:38:891,0.250433,0.0199856,0.67415,0.266784,0.0311183,0.676538
21:42:38:991,0.257066,0.0244186,0.674638,0.272443,0.0354646,0.676791
21:42:39:092,0.263434,0.0289267,0.675026,0.277016,0.0393509,0.677266
21:42:39:192,0.269699,0.0336646,0.675655,0.281679,0.043693,0.678107
21:42:39:292,0.274732,0.0378346,0.676334,0.287049,0.0494809,0.679116
21:42:39:392,0.27965,0.0423595,0.677183,0.291306,0.0543968,0.67939
21:42:39:493,0.284418,0.0472244,0.677896,0.29521,0.0592028,0.679085
21:42:39:593,0.288831,0.052091,0.678311,0.29877,0.0639649,0.678356
21:42:39:693,0.292903,0.0569422,0.67834,0.302947,0.070245,0.677267
21:42:39:793,0.296838,0.0621873,0.677967,0.306199,0.07569,0.676523
21:42:39:894,0.300614,0.0676263,0.677358,0.309518,0.0817306,0.67596
21:42:39:994,0.304268,0.0732729,0.676615,0.312449,0.0878006,0.675204
21:42:40:094,0.307613,0.0790896,0.675966,0.315527,0.0949378,0.67407
21:42:40:194,0.310869,0.0854436,0.675096,0.318439,0.102604,0.672704
21:42:40:295,0.313848,0.0921898,0.674113,0.320704,0.109763,0.671438
21:42:40:395,0.316592,0.099249,0.673022,0.322233,0.115247,0.670699
21:42:40:496,0.318954,0.105964,0.671908,0.323094,0.118865,0.670082
21:42:40:596,0.320745,0.111607,0.671008,0.323517,0.120135,0.669457
21:42:40:696,0.321977,0.115606,0.670336,0.323676,0.11956,0.668882
21:42:40:796,0.322825,0.117845,0.669648,0.32341,0.117044,0.668738
21:42:40:896,0.32314,0.118396,0.669367,0.322923,0.113858,0.669105
21:42:40:997,0.323155,0.11782,0.669461,0.321749,0.10866,0.6699
21:42:41:097,0.322756,0.115493,0.669811,0.32003,0.102356,0.670522
21:42:41:198,0.321857,0.111481,0.670201,0.318034,0.0960792,0.67087
21:42:41:297,0.320465,0.106178,0.670629,0.315395,0.0892015,0.671293
21:42:41:397,0.318474,0.100107,0.671135,0.311491,0.080352,0.671725
21:42:41:498,0.315793,0.0930056,0.671519,0.307948,0.0732612,0.672154
21:42:41:598,0.312745,0.0855766,0.671749,0.302097,0.063695,0.673523
21:42:41:698,0.308649,0.0774306,0.672383,0.297108,0.0566676,0.675114
21:42:41:798,0.303973,0.0694141,0.673411,0.292129,0.0506471,0.676656
21:42:41:898,0.299173,0.0619844,0.674607,0.285059,0.0426483,0.678227
21:42:41:999,0.293741,0.0545792,0.675908,0.278286,0.0356257,0.679205
21:42:42:099,0.287559,0.047291,0.677314,0.272036,0.0299454,0.679964
21:42:42:199,0.281207,0.0404465,0.678421,0.265482,0.0248377,0.680544
21:42:42:299,0.274834,0.0342487,0.679277,0.258975,0.0200771,0.680794
21:42:42:400,0.268329,0.0286687,0.679976,0.250576,0.0147044,0.680759
21:42:42:500,0.261315,0.0232526,0.680349,0.243845,0.0109492,0.680802
21:42:42:600,0.254243,0.0183528,0.68041,0.23715,0.00770147,0.68075
21:42:42:700,0.247263,0.014055,0.680622,0.232039,0.00543702,0.68065
21:42:42:801,0.240905,0.0105474,0.680679,0.226748,0.00332734,0.680737
21:42:42:901,0.23504,0.00756705,0.680594,0.221975,0.00150876,0.681176
21:42:43:001,0.229619,0.00507102,0.680784,0.21769,-6.17975e-06,0.681584
21:42:43:101,0.224582,0.00296614,0.681082,0.214042,-0.00126162,0.682365
21:42:43:201,0.220142,0.00117534,0.68149,0.212663,-0.00162407,0.68393
21:42:43:302,0.216606,-0.000160943,0.682274,0.212496,-0.0015062,0.686643
21:42:43:402,0.214205,-0.00103326,0.683557,0.212962,-0.00103192,0.690948
21:42:43:502,0.213274,-0.00118341,0.685685,0.213333,-0.00117033,0.695381
21:42:43:602,0.212831,-0.00118478,0.688988,0.213249,-0.000953655,0.699964
21:42:43:702,0.2128,-0.00117823,0.692855,0.212803,-0.000428941,0.705791
21:42:43:803,0.212607,-0.00118098,0.697601,0.212407,-0.000122335,0.710931
21:42:43:903,0.212419,-0.00112265,0.702575,0.211679,0.000893558,0.716018
21:42:44:003,0.212075,-0.00077772,0.707758,0.211235,0.00161564,0.720019
21:42:44:103,0.211648,-0.000209256,0.712633,0.211036,0.00232434,0.723731
21:42:44:204,0.211324,0.000559697,0.717025,0.210959,0.00287753,0.726729
21:42:44:304,0.211099,0.00131175,0.720959,0.210862,0.00357634,0.729995
21:42:44:404,0.210957,0.00205419,0.724526,0.211013,0.00448002,0.734114
21:42:44:504,0.210887,0.00288891,0.7283,0.211188,0.00559967,0.738511
21:42:44:605,0.210941,0.00381765,0.732245,0.211179,0.0069685,0.742857
21:42:44:705,0.210947,0.00492045,0.736453,0.211102,0.00827706,0.74706
21:42:44:805,0.210945,0.00616127,0.740664,0.21123,0.0101871,0.752349
21:42:44:905,0.211008,0.00762247,0.745136,0.211553,0.0118892,0.756326
21:42:45:006,0.211146,0.00923561,0.749642,0.212229,0.013551,0.759969
21:42:45:106,0.211521,0.0108818,0.753815,0.212578,0.014539,0.762161
21:42:45:206,0.211908,0.012397,0.757326,0.213168,0.0152629,0.763084
21:42:45:306,0.212312,0.0136657,0.759952,0.213775,0.0150353,0.761599
21:42:45:407,0.212928,0.0144063,0.761059,0.214184,0.0136654,0.757744
21:42:45:507,0.213285,0.0145806,0.760821,0.214266,0.0112443,0.751856
21:42:45:607,0.213731,0.0139821,0.758377,0.214239,0.00876632,0.746327
21:42:45:708,0.214191,0.0125202,0.754209,0.214285,0.00631079,0.740027
21:42:45:808,0.214431,0.0105472,0.749058,0.21459,0.00485451,0.734077
21:42:45:908,0.214503,0.00847987,0.74339,0.215607,0.00373827,0.727727
21:42:46:008,0.214827,0.00665345,0.737435,0.216651,0.00317471,0.72191
21:42:46:108,0.215472,0.00524304,0.731352,0.218792,0.00303417,0.714895
21:42:46:209,0.216628,0.00430103,0.724994,0.220549,0.00324182,0.709539
21:42:46:309,0.218087,0.00381363,0.718758,0.221634,0.00371019,0.704446
21:42:46:409,0.219498,0.00370412,0.712982,0.222362,0.00431335,0.700087
21:42:46:509,0.220637,0.00371673,0.707713,0.223016,0.00505761,0.697193
21:42:46:609,0.22167,0.00381916,0.703236,0.223155,0.0060769,0.691885
21:42:46:710,0.222331,0.004281,0.698744,0.22289,0.00660545,0.686792
21:42:46:810,0.222641,0.00484619,0.694077,0.222591,0.00679841,0.682079
21:42:46:910,0.22262,0.00546235,0.689353,0.222269,0.00773584,0.677991
21:42:47:010,0.222513,0.0061295,0.684723,0.221883,0.00915081,0.673727
21:42:47:111,0.222296,0.00712208,0.680246,0.221654,0.0104312,0.669685
21:42:47:211,0.222033,0.00829387,0.675925,0.221438,0.0113859,0.665275
21:42:47:311,0.22172,0.00944123,0.671823,0.221219,0.012454,0.661479
21:42:47:412,0.221553,0.0105609,0.667554,0.220759,0.0132987,0.657795
21:42:47:512,0.22124,0.0116092,0.663546,0.220217,0.014869,0.654222
21:42:47:612,0.220737,0.0128949,0.659395,0.21988,0.0157816,0.651014
21:42:47:712,0.220384,0.0140752,0.655832,0.219887,0.0165144,0.649025
21:42:47:812,0.22013,0.015083,0.652917,0.220084,0.0175505,0.64733
21:42:47:912,0.220049,0.0160356,0.650611,0.220336,0.0182655,0.646255
21:42:48:012,0.220087,0.0169548,0.648727,0.220488,0.0188157,0.645369
21:42:48:113,0.220155,0.0177312,0.647308,0.220321,0.0191303,0.644771
21:42:48:213,0.220202,0.0183141,0.646138,0.220101,0.0191184,0.644334
21:42:48:313,0.220163,0.0187188,0.645362,0.22025,0.0187203,0.644492
21:42:48:413,0.220153,0.0188814,0.644852,0.221149,0.0173098,0.646871
21:42:48:514,0.220265,0.0188192,0.644926,0.222392,0.0150414,0.651385
21:42:48:614,0.22072,0.0179963,0.646614,0.223916,0.0131624,0.656738
21:42:48:714,0.221706,0.0165557,0.649812,0.224892,0.0105597,0.664386
21:42:48:814,0.222829,0.014592,0.65468,0.22498,0.00887061,0.670787
21:42:48:914,0.223658,0.0125062,0.660674,0.225079,0.00743733,0.67834
21:42:49:015,0.224184,0.0106001,0.667281,0.225296,0.00709505,0.686927
21:42:49:115,0.22461,0.00911935,0.674556,0.225972,0.00715676,0.693668
21:42:49:215,0.225071,0.00818856,0.682081,0.226696,0.00756428,0.699631
21:42:49:315,0.225619,0.00784168,0.689195,0.227369,0.00761439,0.705108
21:42:49:416,0.226255,0.00776062,0.695416,0.227887,0.00770212,0.710089
21:42:49:516,0.226877,0.00775883,0.701356,0.228225,0.00786758,0.714322
21:42:49:616,0.227446,0.00777419,0.706635,0.228711,0.00850713,0.719696
21:42:49:716,0.227965,0.00779192,0.711784,0.229188,0.00956541,0.724889
21:42:49:816,0.228503,0.0079995,0.716895,0.229741,0.0105877,0.729528
21:42:49:917,0.228932,0.00854195,0.722036,0.230093,0.0119581,0.734571
21:42:50:017,0.229394,0.00949947,0.726991,0.230672,0.0137483,0.739327
21:42:50:117,0.22987,0.0108027,0.731961,0.231381,0.0148903,0.741969
21:42:50:217,0.23047,0.0122139,0.736148,0.232237,0.0161511,0.742739
21:42:50:317,0.231185,0.0136234,0.739151,0.233014,0.0160402,0.74035
21:42:50:418,0.231998,0.0146718,0.740177,0.233603,0.0152014,0.735251
21:42:50:518,0.232627,0.0150362,0.739311,0.23413,0.0135973,0.729862
21:42:50:618,0.233354,0.0149793,0.736576,0.233879,0.0118458,0.725429
21:42:50:718,0.233855,0.0143869,0.732648,0.232103,0.0101124,0.723359
21:42:50:819,0.233473,0.0131869,0.72907,0.230133,0.00903759,0.722489
21:42:50:919,0.232399,0.0118358,0.726386,0.227431,0.00780914,0.721228
21:42:51:019,0.230675,0.010479,0.724323,0.223948,0.00612879,0.719094
21:42:51:119,0.228224,0.00896611,0.722436,0.219772,0.00412512,0.715626
21:42:51:219,0.225145,0.00724985,0.719943,0.215519,0.00218603,0.712163
21:42:51:319,0.22151,0.00542182,0.717007,0.210066,1.93708e-05,0.709227
21:42:51:420,0.217274,0.00349338,0.713913,0.203418,-0.00196343,0.706923
21:42:51:520,0.211972,0.00144292,0.711125,0.196746,-0.00321122,0.705185
21:42:51:620,0.206114,-0.000374223,0.708587,0.189416,-0.00420753,0.703272
21:42:51:720,0.199663,-0.00189277,0.706326,0.18457,-0.00488457,0.701436
21:42:51:820,0.193427,-0.00309605,0.704384,0.179581,-0.00537535,0.699427
21:42:51:921,0.18781,-0.00404862,0.702288,0.175063,-0.00530253,0.697752
21:42:52:021,0.182525,-0.0046449,0.700462,0.169996,-0.00525602,0.696547
21:42:52:121,0.177445,-0.00494974,0.698797,0.163662,-0.005273,0.69509
21:42:52:221,0.17207,-0.00509184,0.697224,0.158405,-0.00511706,0.69357
21:42:52:321,0.166011,-0.00518537,0.695654,0.15345,-0.00507834,0.691871
21:42:52:422,0.160878,-0.00518619,0.694087,0.149492,-0.00500969,0.690509
21:42:52:522,0.156227,-0.00512901,0.692548,0.14673,-0.00488092,0.689241
21:42:52:622,0.152232,-0.00502343,0.691172,0.145399,-0.00487619,0.688152
21:42:52:722,0.149074,-0.00492639,0.689945,0.146064,-0.00506221,0.687743
21:42:52:823,0.147378,-0.00490835,0.688954,0.148407,-0.0053542,0.6877
21:42:52:923,0.147222,-0.00501973,0.688383,0.15082,-0.00563231,0.687793
21:42:53:023,0.148069,-0.0052556,0.688013,0.153506,-0.00587051,0.688021
21:42:53:123,0.149761,-0.00554297,0.687605,0.157352,-0.00617036,0.688511
21:42:53:224,0.152452,-0.00580909,0.687406,0.161416,-0.00626892,0.689327
21:42:53:324,0.155766,-0.00601667,0.687649,0.166176,-0.00627634,0.69019
21:42:53:424,0.159634,-0.00618237,0.688294,0.171814,-0.00623681,0.690772
21:42:53:525,0.164244,-0.00635796,0.689002,0.178858,-0.00606154,0.690959
21:42:53:624,0.169773,-0.00655974,0.689572,0.184562,-0.00571333,0.691251
21:42:53:725,0.175627,-0.00658147,0.690063,0.191269,-0.00492178,0.691965
21:42:53:825,0.181761,-0.00626498,0.690642,0.196947,-0.00399257,0.692857
21:42:53:925,0.187995,-0.00559241,0.691157,0.203218,-0.0027552,0.693509
21:42:54:025,0.194078,-0.00465379,0.691945,0.20976,-0.00126883,0.693616
21:42:54:126,0.200388,-0.00347171,0.692496,0.216303,0.00046391,0.693186
21:42:54:226,0.206751,-0.00204174,0.692732,0.222171,0.00227433,0.692612
21:42:54:326,0.213057,-0.000411085,0.692631,0.23119,0.00570827,0.691833
21:42:54:426,0.220031,0.00183532,0.692294,0.239551,0.00951574,0.691313
21:42:54:526,0.227782,0.00476007,0.691668,0.247321,0.0137248,0.6909
21:42:54:627,0.235584,0.00825726,0.691161,0.253687,0.0175903,0.690354
21:42:54:727,0.242981,0.0120157,0.690731,0.258818,0.020837,0.689542
21:42:54:827,0.249654,0.0156818,0.690137,0.265933,0.025824,0.688039
21:42:54:928,0.25606,0.0196844,0.689343,0.271179,0.0297572,0.686527
21:42:55:028,0.26236,0.0237957,0.688113,0.277352,0.0348026,0.684225
21:42:55:128,0.268365,0.028201,0.686553,0.283522,0.0405264,0.68164
21:42:55:228,0.274453,0.0330528,0.684589,0.288766,0.0455836,0.679145
21:42:55:329,0.280255,0.0381881,0.682391,0.29309,0.0509298,0.676516
21:42:55:429,0.285585,0.0433757,0.679906,0.296709,0.0554223,0.674038
21:42:55:529,0.290166,0.0484111,0.677499,0.299395,0.0591796,0.672227
21:42:55:629,0.29407,0.0529704,0.675192,0.301543,0.062404,0.67109
21:42:55:729,0.297269,0.0570204,0.673402,0.302964,0.0642626,0.669742
21:42:55:830,0.299757,0.0603166,0.671779,0.303274,0.0646225,0.668908
21:42:55:930,0.301408,0.0625153,0.670493,0.30141,0.0614392,0.669484
21:42:56:030,0.301838,0.0630328,0.67013,0.297942,0.0561531,0.671305
21:42:56:130,0.300908,0.061746,0.67065,0.293539,0.0499399,0.673467
21:42:56:231,0.298556,0.0583531,0.671853,0.288767,0.044043,0.675834
21:42:56:331,0.294988,0.0536597,0.673557,0.28464,0.0394769,0.677153
21:42:56:431,0.290966,0.0485606,0.675207,0.278498,0.0333715,0.678156
21:42:56:531,0.286289,0.0431036,0.676538,0.273121,0.0286421,0.679011
21:42:56:631,0.281095,0.0377126,0.677699,0.268301,0.0246316,0.680972
21:42:56:732,0.275903,0.0326908,0.678943,0.261211,0.0196674,0.682936
21:42:56:832,0.269624,0.027334,0.680693,0.252975,0.0149041,0.684744
21:42:56:932,0.263176,0.0225982,0.682301,0.241399,0.00913561,0.687223
21:42:57:032,0.25493,0.0176548,0.68415,0.231652,0.00462685,0.688813
21:42:57:133,0.245746,0.0127607,0.68589,0.223437,0.00120867,0.690005
21:42:57:233,0.236679,0.00829566,0.687529,0.215339,-0.00123571,0.691382
21:42:57:333,0.227946,0.00451482,0.689085,0.209885,-0.00221169,0.692655
21:42:57:433,0.220198,0.00165462,0.690507,0.207011,-0.00255823,0.693261
21:42:57:533,0.214388,-0.000273628,0.691571,0.205779,-0.00249873,0.693727
21:42:57:634,0.210225,-0.00139576,0.692622,0.204658,-0.00228849,0.694283
21:42:57:734,0.207539,-0.00197738,0.693332,0.202388,-0.00239975,0.694823
21:42:57:834,0.205354,-0.00223592,0.693936,0.199858,-0.00273554,0.694577
21:42:57:934,0.20306,-0.00244094,0.694387,0.197564,-0.00292088,0.693629
21:42:58:034,0.200806,-0.002681,0.694283,0.195441,-0.00336995,0.692097
21:42:58:135,0.198564,-0.0029938,0.693585,0.193344,-0.00377456,0.690672
21:42:58:235,0.196424,-0.00328411,0.692523,0.191226,-0.00417774,0.68949
21:42:58:335,0.194309,-0.00362145,0.69131,0.189707,-0.00458099,0.688709
21:42:58:435,0.192382,-0.00403646,0.690194,0.188759,-0.0046576,0.687953
21:42:58:536,0.190803,-0.00430531,0.689325,0.188507,-0.00481862,0.686647
21:42:58:636,0.189658,-0.00449096,0.688359,0.189343,-0.004839,0.685778
21:42:58:736,0.189212,-0.00468913,0.687352,0.191224,-0.00467127,0.68534
21:42:58:837,0.189407,-0.00477916,0.686657,0.19314,-0.00436925,0.684897
21:42:58:937,0.190294,-0.00481521,0.686098,0.195317,-0.00424348,0.683978
21:42:59:037,0.191847,-0.00485221,0.685402,0.198444,-0.00399111,0.683327
21:42:59:137,0.19408,-0.00488774,0.684473,0.201792,-0.00336176,0.683384
21:42:59:238,0.197006,-0.00468268,0.683457,0.205379,-0.00260363,0.683275
21:42:59:338,0.200303,-0.00410899,0.682771,0.209,-0.0019867,0.682867
21:42:59:438,0.203804,-0.00346005,0.682282,0.211474,-0.0015254,0.682491
21:42:59:539,0.206999,-0.00279966,0.681931,0.214467,-0.00124691,0.68128
21:42:59:638,0.210054,-0.00222541,0.681429,0.217281,-0.000994509,0.68049
21:42:59:739,0.212985,-0.00176507,0.68084,0.220889,0.000321206,0.680614
21:42:59:839,0.216144,-0.00111255,0.680429,0.225017,0.002344,0.680776
21:42:59:940,0.219619,7.89589e-05,0.680327,0.230508,0.00504536,0.680299
21:43:00:040,0.223756,0.00186103,0.680221,0.235935,0.00778703,0.679464
21:43:00:140,0.228569,0.00408325,0.679804,0.240889,0.0105221,0.678853
21:43:00:240,0.233455,0.00655131,0.679321,0.246918,0.0145659,0.678848
21:43:00:340,0.238732,0.0096039,0.678868,0.251987,0.0185236,0.679478
21:43:00:441,0.244029,0.0130704,0.678944,0.256482,0.0228685,0.680581
21:43:00:541,0.249181,0.0169401,0.679217,0.261548,0.0273967,0.680336
21:43:00:641,0.254174,0.0211212,0.679526,0.26491,0.0296553,0.679172
21:43:00:741,0.258639,0.0248401,0.679455,0.268331,0.0325738,0.677736
21:43:00:841,0.26304,0.0284241,0.678815,0.270965,0.0351139,0.676888
21:43:00:942,0.266458,0.0312997,0.677973,0.273841,0.0382343,0.675708
21:43:01:042,0.269474,0.0341106,0.67712,0.277793,0.0420876,0.673573
21:43:01:142,0.272697,0.0372697,0.675804,0.280456,0.0450195,0.672245
21:43:01:243,0.275904,0.0404721,0.674311,0.282706,0.0481913,0.671469
21:43:01:343,0.278739,0.0436149,0.673066,0.283617,0.0494726,0.671384
21:43:01:443,0.280958,0.0462451,0.672185,0.283171,0.0492186,0.672058
21:43:01:543,0.282207,0.0478569,0.671937,0.281721,0.0473422,0.67357
21:43:01:644,0.28242,0.0482082,0.672304,0.279944,0.0453669,0.674772
21:43:01:744,0.281968,0.0479451,0.672854,0.277961,0.0435112,0.675641
21:43:01:844,0.280881,0.046976,0.673684,0.274868,0.0408052,0.676463
21:43:01:944,0.278826,0.0452303,0.675073,0.272491,0.0387259,0.67708
21:43:02:045,0.276386,0.0431246,0.676374,0.271922,0.0378013,0.677739
21:43:02:146,0.274433,0.0412327,0.67741,0.272652,0.0382173,0.67885
21:43:02:246,0.273401,0.0400346,0.67807,0.273449,0.0390264,0.6801
21:43:02:346,0.273192,0.0394925,0.678591,0.274809,0.0393667,0.680421
21:43:02:446,0.273489,0.03942,0.679133,0.275028,0.0399147,0.680822
21:43:02:546,0.273838,0.0394653,0.679848,0.274508,0.0398405,0.681963
21:43:02:647,0.274054,0.0394998,0.680586,0.273813,0.0394925,0.683242
21:43:02:747,0.273964,0.0394868,0.681515,0.27408,0.0394307,0.683443
21:43:02:847,0.273904,0.0394749,0.682338,0.274887,0.0398115,0.683162
21:43:02:947,0.274182,0.0395166,0.68267,0.276489,0.0412948,0.682915
21:43:03:047,0.274903,0.0396911,0.682855,0.278543,0.043111,0.682309
21:43:03:148,0.276172,0.0403998,0.682749,0.2793,0.043549,0.682539
21:43:03:248,0.277449,0.0413919,0.68258,0.279147,0.0437022,0.683278
21:43:03:348,0.278347,0.0421536,0.682736,0.27912,0.0441712,0.683271
21:43:03:449,0.278766,0.0427878,0.682956,0.279532,0.0445203,0.68214
21:43:03:549,0.279009,0.0434226,0.682852,0.280565,0.0453328,0.681282
21:43:03:649,0.279491,0.0440105,0.68251,0.281454,0.0460644,0.681344
21:43:03:749,0.280301,0.0447201,0.681956,0.281404,0.04587,0.682196
21:43:03:849,0.280862,0.0452635,0.681755,0.280259,0.0449751,0.68381
21:43:03:950,0.280824,0.0453524,0.682263,0.277183,0.0425495,0.685447
21:43:04:050,0.28002,0.0450281,0.683148,0.273495,0.0392926,0.686285
21:43:04:150,0.277955,0.0436492,0.684589,0.268978,0.035973,0.68693
21:43:04:251,0.274703,0.04127,0.686083,0.264396,0.0332909,0.68709
21:43:04:351,0.270808,0.0385483,0.686972,0.259267,0.0316317,0.68636
21:43:04:451,0.266361,0.0359729,0.687185,0.254871,0.0296877,0.684056
21:43:04:551,0.261865,0.0336385,0.686411,0.251949,0.0277253,0.682349
21:43:04:651,0.257688,0.0314271,0.685093,0.249063,0.0258328,0.681726
21:43:04:752,0.253675,0.0291296,0.683718,0.246669,0.0245568,0.68223
21:43:04:852,0.250727,0.0273003,0.682987,0.243888,0.023636,0.683907
21:43:04:952,0.248148,0.0259412,0.683152,0.239373,0.022902,0.686233
21:43:05:052,0.24449,0.0245714,0.684317,0.235613,0.0214335,0.687373
21:43:05:152,0.240931,0.0233594,0.685588,0.232857,0.020121,0.688597
21:43:05:253,0.237562,0.0221078,0.686926,0.230586,0.0193197,0.690652
21:43:05:353,0.234595,0.0209883,0.688364,0.228369,0.0182061,0.692557
21:43:05:453,0.232066,0.0199031,0.689697,0.224857,0.0164246,0.694727
21:43:05:553,0.229416,0.0186515,0.691112,0.221907,0.0151628,0.696473
21:43:05:654,0.226586,0.0173175,0.692744,0.220725,0.0145768,0.698928
21:43:05:754,0.224195,0.0161811,0.694677,0.220685,0.014697,0.700767
21:43:05:854,0.222556,0.0154154,0.696729,0.220724,0.0137265,0.702366
21:43:05:954,0.221593,0.0147818,0.698771,0.220835,0.0125204,0.705272
21:43:06:054,0.220859,0.0139182,0.701275,0.220371,0.0119321,0.707905
21:43:06:154,0.220251,0.0130771,0.703887,0.219109,0.0110034,0.709423
21:43:06:255,0.219552,0.0122819,0.706249,0.218052,0.0101441,0.710143
21:43:06:355,0.218996,0.0114348,0.707853,0.218209,0.00997596,0.711579
21:43:06:455,0.218471,0.0107958,0.709361,0.221235,0.0109345,0.715526
21:43:06:555,0.219013,0.0105805,0.711528,0.223902,0.0122054,0.718968
21:43:06:655,0.220542,0.0106425,0.714356,0.226629,0.0140635,0.722625
21:43:06:756,0.222762,0.0112955,0.717453,0.229383,0.0153946,0.725352
21:43:06:856,0.225248,0.0124787,0.720663,0.232339,0.0167035,0.7282
21:43:06:956,0.227976,0.0138771,0.723678,0.236483,0.0185942,0.730681
21:43:07:057,0.231178,0.0154977,0.726474,0.240807,0.0207526,0.732969
21:43:07:157,0.234945,0.0173773,0.729056,0.245141,0.0233268,0.735425
21:43:07:257,0.238938,0.0195524,0.731493,0.249712,0.0264638,0.738299
21:43:07:357,0.243126,0.0220864,0.73416,0.25445,0.0302872,0.740502
21:43:07:458,0.247603,0.0251465,0.736665,0.258713,0.033933,0.741662
21:43:07:558,0.25205,0.0285298,0.738776,0.264759,0.0394825,0.743189
21:43:07:658,0.256997,0.032611,0.740516,0.268241,0.0431007,0.744125
21:43:07:758,0.261682,0.0369119,0.741918,0.273399,0.0477716,0.744081
21:43:07:858,0.266349,0.0412512,0.742873,0.277987,0.0508297,0.742449
21:43:07:959,0.270961,0.045297,0.742971,0.281643,0.0531552,0.739875
21:43:08:059,0.275336,0.048726,0.741981,0.285805,0.0549286,0.735793
21:43:08:159,0.279548,0.0514864,0.739896,0.289569,0.055901,0.731386
21:43:08:259,0.283368,0.0535254,0.73733,0.293336,0.0573952,0.725389
21:43:08:359,0.287129,0.0552057,0.733543,0.296465,0.0592113,0.719787
21:43:08:460,0.290733,0.0568638,0.728737,0.299111,0.060444,0.714757
21:43:08:560,0.294031,0.0583911,0.723531,0.300776,0.0616165,0.710658
21:43:08:660,0.296816,0.0597859,0.718535,0.301624,0.0629706,0.70724
21:43:08:760,0.298837,0.0610673,0.714197,0.301919,0.0648343,0.702621
21:43:08:860,0.300305,0.0625285,0.709733,0.302567,0.067609,0.696807
21:43:08:961,0.301459,0.0644009,0.704727,0.303793,0.0706581,0.69118
21:43:09:061,0.302458,0.066738,0.699489,0.304409,0.0725315,0.687459
21:43:09:161,0.303285,0.0690925,0.69457,0.304649,0.0743478,0.683232
21:43:09:261,0.304024,0.0712376,0.689839,0.304714,0.0759437,0.678668
21:43:09:362,0.304667,0.0734519,0.684782,0.304515,0.0768106,0.67474
21:43:09:462,0.304941,0.0750451,0.680517,0.303868,0.0771101,0.670802
21:43:09:562,0.304759,0.0761287,0.676442,0.3026,0.0773355,0.667271
21:43:09:662,0.30412,0.0767595,0.672669,0.301614,0.0775395,0.66439
21:43:09:762,0.303232,0.0772198,0.669129,0.300972,0.0789936,0.661035
21:43:09:863,0.302443,0.0778665,0.665737,0.300523,0.0791082,0.657412
21:43:09:963,0.301662,0.0784621,0.662436,0.299368,0.0772958,0.654451
21:43:10:063,0.300806,0.0784665,0.659134,0.297218,0.0741657,0.652676
21:43:10:163,0.299436,0.0777356,0.656291,0.294492,0.0709155,0.651847
21:43:10:263,0.297532,0.0759107,0.654176,0.291421,0.067275,0.651154
21:43:10:364,0.295112,0.0732306,0.652757,0.287223,0.0627272,0.651586
21:43:10:464,0.292075,0.0697665,0.651957,0.281886,0.0581872,0.652748
21:43:10:564,0.288249,0.065709,0.65199,0.277207,0.0539394,0.652964
21:43:10:664,0.28383,0.0613483,0.652382,0.272536,0.0490419,0.652961
21:43:10:765,0.279276,0.0568539,0.652507,0.26787,0.0438906,0.653592
21:43:10:865,0.274597,0.0519657,0.652883,0.262832,0.0387219,0.655027
21:43:10:965,0.269837,0.0470527,0.653535,0.258005,0.0338076,0.656668
21:43:11:065,0.26501,0.041976,0.654596,0.252759,0.0295324,0.658629
21:43:11:165,0.260066,0.0371656,0.655971,0.246084,0.0248211,0.661934
21:43:11:266,0.254533,0.03243,0.658099,0.23935,0.0211605,0.664939
21:43:11:366,0.248488,0.0280181,0.660647,0.232515,0.0179794,0.667092
21:43:11:466,0.242064,0.0240712,0.66326,0.226322,0.0149472,0.667895
21:43:11:566,0.235663,0.0204179,0.665301,0.220608,0.0119216,0.668256
21:43:11:667,0.229483,0.0170812,0.666602,0.215553,0.00969114,0.669165
21:43:11:767,0.223689,0.0140912,0.667639,0.20924,0.00726165,0.671541
21:43:11:867,0.217844,0.0113982,0.669035,0.202491,0.00548792,0.673583
21:43:11:968,0.211731,0.00903746,0.670698,0.196508,0.00406017,0.674553
21:43:12:068,0.205538,0.00699205,0.672268,0.192127,0.00324403,0.674672
21:43:12:168,0.199875,0.00536688,0.673404,0.18869,0.0028672,0.674526
21:43:12:268,0.19513,0.00424152,0.673953,0.186157,0.00274939,0.674523
21:43:12:368,0.191187,0.00348993,0.67423,0.184032,0.0025288,0.675031
21:43:12:469,0.188028,0.00302315,0.674568,0.182191,0.00222343,0.67667
21:43:12:569,0.185455,0.00261499,0.675213,0.180806,0.00162851,0.680491
21:43:12:669,0.183566,0.0022165,0.676411,0.179992,0.00135483,0.685579
21:43:12:769,0.182162,0.00186877,0.679071,0.179438,0.00131239,0.692129
21:43:12:869,0.180839,0.00153984,0.683416,0.17963,0.00134995,0.699731
21:43:12:970,0.179794,0.00139303,0.689355,0.180286,0.0015575,0.707474
21:43:13:070,0.179556,0.00136107,0.696057,0.180954,0.00213309,0.714541
21:43:13:170,0.179736,0.00136566,0.703255,0.181351,0.00300345,0.720908
21:43:13:270,0.180196,0.00154949,0.710178,0.181182,0.00353665,0.726374
21:43:13:370,0.180519,0.00197957,0.716588,0.180333,0.00373625,0.73111
21:43:13:471,0.180427,0.00250516,0.722519,0.17843,0.00401548,0.734847
21:43:13:571,0.179775,0.00293249,0.727593,0.17589,0.00442454,0.738532
21:43:13:671,0.178359,0.00339902,0.732073,0.174023,0.00490823,0.742306
21:43:13:772,0.176685,0.00382787,0.736155,0.173569,0.00642033,0.74744
21:43:13:872,0.175123,0.0047159,0.741013,0.174822,0.00907562,0.75332
21:43:13:972,0.174629,0.00614279,0.745776,0.177191,0.0122712,0.759673
21:43:14:073,0.175292,0.00826833,0.751116,0.180148,0.0148281,0.764046
21:43:14:173,0.176916,0.0107456,0.756283,0.183948,0.0170419,0.767161
21:43:14:273,0.179413,0.0132689,0.76081,0.187724,0.0178048,0.767583
21:43:14:373,0.182577,0.0153159,0.763944,0.191119,0.0168888,0.765683
21:43:14:474,0.185944,0.0163651,0.765183,0.193413,0.0150042,0.762101
21:43:14:575,0.189001,0.0164903,0.764626,0.19505,0.0123596,0.757732
21:43:14:675,0.191344,0.0155828,0.762793,0.196864,0.0103522,0.753526
